true,1,caitkinjf,caitkinjf@unblog.fr,434-847-7047,Granger,Carney,Aitkin
true,1,lhinderjg,lhinderjg@facebook.com,845-620-1437,Giordano,Lukas,Hinder
false,1,dbartropjh,dbartropjh@last.fm,686-821-7029,Thadeus,Donal,Bartrop
true,1,dtodeoji,dtodeoji@miitbeian.gov.cn,929-106-7813,Mar,Dannel,Todeo
true,1,mmcquorkelljj,mmcquorkelljj@businessinsider.com,819-540-2735,Bobby,Mac,McQuorkell
true,1,tdemullettjk,tdemullettjk@about.com,784-515-7484,Bale,Towney,de Mullett
true,1,barchboldjl,barchboldjl@cbc.ca,423-131-0145,Reuben,Berny,Archbold
true,1,gmouserjm,gmouserjm@ca.gov,909-948-3352,Rodger,Gannie,Mouser
false,1,kcromleholmejn,kcromleholmejn@java.com,700-962-6958,Huntlee,King,Cromleholme
false,1,abenedyktowiczjo,abenedyktowiczjo@sfgate.com,693-239-1228,Bradley,Adriano,Benedyktowicz
false,1,apuigjp,apuigjp@intel.com,956-719-8186,Noach,Augustine,Puig
true,1,bmatieujq,bmatieujq@noaa.gov,950-877-1733,Jareb,Brnaby,Matieu
false,1,mpudneyjr,mpudneyjr@unesco.org,434-686-3965,Milton,Marten,Pudney
true,1,everlingjs,everlingjs@ezinearticles.com,829-187-9324,Alistair,Ervin,Verling
false,1,mrunniclesjt,mrunniclesjt@hp.com,109-901-8371,Joey,Miles,Runnicles
false,1,cmacknockiterju,cmacknockiterju@nydailynews.com,674-149-4496,Sim,Crosby,MacKnockiter
true,1,bdelvesjv,bdelvesjv@slashdot.org,231-575-8616,Douglas,Beltran,Delves
true,1,fwysonjw,fwysonjw@i2i.jp,119-344-4479,Ulrick,Fields,Wyson
true,1,mbrychanjx,mbrychanjx@indiatimes.com,684-725-2810,Sebastian,Maury,Brychan
false,1,cschierschjy,cschierschjy@wired.com,486-843-5968,Perkin,Clint,Schiersch
false,1,jpyattjz,jpyattjz@usatoday.com,421-219-3592,Berkie,Jerald,Pyatt
false,1,lrabbk0,lrabbk0@about.com,153-751-3266,Lorant,Lazarus,Rabb
true,1,bdomleok1,bdomleok1@ucla.edu,783-798-0127,Roi,Bren,Domleo
false,1,sbaruchk2,sbaruchk2@topsy.com,148-380-7251,Ferguson,Si,Baruch
true,1,jtrokerk3,jtrokerk3@g.co,808-673-7208,Tabor,Jeremiah,Troker
false,1,ibattissonk4,ibattissonk4@intel.com,485-926-8695,Matteo,Immanuel,Battisson
false,1,mleatherbarrowk5,mleatherbarrowk5@google.com.br,915-773-1215,Ronny,Matias,Leatherbarrow
false,1,hcoopek6,hcoopek6@ed.gov,211-760-0750,Micah,Humberto,Coope
true,1,bpriddeyk7,bpriddeyk7@clickbank.net,924-922-5614,Josh,Bartlett,Priddey
true,1,gelmerk8,gelmerk8@devhub.com,677-748-9805,Phip,Gerhard,Elmer
false,1,lollenbuttelk9,lollenbuttelk9@ovh.net,616-193-4646,Cordie,Leroy,Ollenbuttel
true,1,hparadiska,hparadiska@deliciousdays.com,500-875-8992,Steven,Horton,Paradis
true,1,htiverskb,htiverskb@sitemeter.com,206-186-7591,Garrot,Hakeem,Tivers
false,1,lbeavonkc,lbeavonkc@tuttocitta.it,974-929-9085,Rochester,Leland,Beavon
false,1,adaylykd,adaylykd@studiopress.com,627-725-4187,Boyd,Ambros,Dayly
true,1,rcogswellke,rcogswellke@macromedia.com,629-171-7047,Freedman,Rutherford,Cogswell
false,1,fwinstonkf,fwinstonkf@globo.com,123-958-0510,Lanny,Flynn,Winston
false,1,tcarrigankg,tcarrigankg@washingtonpost.com,500-831-6751,Karlik,Tam,Carrigan
true,1,lximenezkh,lximenezkh@digg.com,524-765-2667,Dionisio,Lazar,Ximenez
false,1,cgarfootki,cgarfootki@typepad.com,806-353-2898,Gustavus,Cliff,Garfoot
false,1,dhurrykj,dhurrykj@arizona.edu,169-399-6901,Blane,Denny,Hurry
false,1,gsambiedgekk,gsambiedgekk@artisteer.com,113-400-5069,Maximilian,Garrik,Sambiedge
false,1,bgeffenkl,bgeffenkl@uol.com.br,262-266-9520,Benito,Base,Geffen
true,1,mcruxkm,mcruxkm@list-manage.com,785-881-0908,Frazier,Malchy,Crux
true,1,sbrabankn,sbrabankn@netlog.com,456-967-6311,Fax,Stavros,Braban
true,1,ibyssheko,ibyssheko@quantcast.com,398-676-3736,Egon,Irving,Bysshe
true,1,thousamkp,thousamkp@netlog.com,485-980-7234,Eugen,Tibold,Housam
false,1,bbedowkq,bbedowkq@sbwire.com,435-879-1682,Tiler,Brenden,Bedow
false,1,rwathellkr,rwathellkr@google.nl,190-326-6763,Isidro,Rodolph,Wathell
true,1,dwellbeloveks,dwellbeloveks@amazon.de,302-519-6301,Bobby,Del,Wellbelove
false,1,htippellkt,htippellkt@imgur.com,216-616-7373,Orbadiah,Humfried,Tippell
true,1,lchislettku,lchislettku@furl.net,845-853-1639,Case,Levey,Chislett
true,1,klefeaverkv,klefeaverkv@time.com,798-159-4128,Garey,Kile,Lefeaver
true,1,hpavittkw,hpavittkw@ebay.co.uk,139-552-5297,Bjorn,Hadlee,Pavitt
false,1,cwooderkx,cwooderkx@soup.io,123-884-2158,Maximilianus,Claus,Wooder
true,1,gplowmanky,gplowmanky@jigsy.com,303-284-2701,Yuri,Gregg,Plowman
false,1,egarlantkz,egarlantkz@nhs.uk,277-251-9178,Elia,Evyn,Garlant
false,1,wgoingl0,wgoingl0@msu.edu,373-136-1157,Munroe,Wright,Going
true,1,epretleyl1,epretleyl1@wp.com,368-232-1148,Garey,Erv,Pretley
false,1,ndearnessl2,ndearnessl2@google.com.br,961-835-4519,Chrisy,Nikolaus,Dearness
true,1,ataberl3,ataberl3@tripod.com,605-618-8898,Domenic,Ash,Taber
false,1,thairesnapel4,thairesnapel4@wikipedia.org,381-665-4534,Byrom,Thomas,Hairesnape
true,1,scorryl5,scorryl5@wp.com,658-516-5959,Terencio,Skipton,Corry
false,1,jaitkenheadl6,jaitkenheadl6@house.gov,368-105-5716,Sullivan,Jeff,Aitkenhead
true,1,pmalzardl7,pmalzardl7@webs.com,489-123-8306,Alwin,Pincus,Malzard
false,1,hwatsonbrownl8,hwatsonbrownl8@salon.com,614-889-7457,Isacco,Hew,Watson-Brown
false,1,bdorinl9,bdorinl9@mozilla.org,637-452-5044,Benyamin,Benn,Dorin
false,1,alapsleyla,alapsleyla@arstechnica.com,370-535-2998,Sylvan,Abbott,Lapsley
false,1,abroadbearlb,abroadbearlb@ifeng.com,459-591-8132,Thomas,Angelico,Broadbear
false,1,mneisinglc,mneisinglc@globo.com,927-149-5786,Free,Melvyn,Neising
false,1,futtermareld,futtermareld@skype.com,738-493-7931,Gregorius,Fransisco,Uttermare
false,1,npeilele,npeilele@eepurl.com,222-958-1555,Hashim,Natty,Peile
false,1,bweatheylf,bweatheylf@pagesperso-orange.fr,377-317-6719,Erick,Barnie,Weathey
false,1,bgoodaylelg,bgoodaylelg@last.fm,885-825-8786,Saw,Brant,Goodayle
false,1,slimblh,slimblh@sphinn.com,422-711-8493,Pepito,Stafford,Limb
true,1,fgunneyli,fgunneyli@nih.gov,565-945-4840,Willdon,Forrest,Gunney
true,1,plowmasslj,plowmasslj@paypal.com,989-131-2379,Antons,Palmer,Lowmass
true,1,lotierneylk,lotierneylk@google.co.uk,102-588-2420,Foster,Laurie,O'Tierney
false,1,ngrattenll,ngrattenll@discovery.com,246-898-0693,Adair,Noble,Gratten
true,1,agrisleylm,agrisleylm@taobao.com,457-361-0436,Roth,Adams,Grisley
true,1,tcowlasln,tcowlasln@princeton.edu,974-493-2191,Hube,Timmie,Cowlas
true,1,ocockremlo,ocockremlo@webnode.com,433-751-9995,Aguistin,Osgood,Cockrem
false,1,rrittmeyerlp,rrittmeyerlp@elegantthemes.com,992-204-1727,Barthel,Rees,Rittmeyer
true,1,dpaulatlq,dpaulatlq@typepad.com,954-952-9056,Ray,Demetrius,Paulat
false,1,klampslr,klampslr@geocities.jp,658-850-1948,Leroi,Kerby,Lamps
true,1,bwoodberryls,bwoodberryls@time.com,186-166-7199,Alvie,Bruis,Woodberry
false,1,iclemendotlt,iclemendotlt@ehow.com,602-477-7895,Garth,Izaak,Clemendot
true,1,xglasslu,xglasslu@ucoz.ru,225-793-5450,Casey,Ximenez,Glass
true,1,crippenlv,crippenlv@ihg.com,998-526-1418,Berny,Cello,Rippen
false,1,ggerhtslw,ggerhtslw@freewebs.com,575-313-6388,Scot,Garrard,Gerhts
true,1,breubbenslx,breubbenslx@tuttocitta.it,690-540-2381,Osborne,Benjamin,Reubbens
true,1,mpenderly,mpenderly@live.com,744-491-4794,Sanders,Maxim,Pender
false,1,sburkinshawlz,sburkinshawlz@nhs.uk,225-679-1200,Perceval,Salvatore,Burkinshaw
false,1,mmcbradym0,mmcbradym0@wired.com,796-890-4863,Bendicty,Mahmud,McBrady
true,1,epaulonm1,epaulonm1@hc360.com,955-714-1781,Marion,Emmit,Paulon
false,1,asivillm2,asivillm2@spotify.com,966-232-1841,Luca,Alvan,Sivill
true,1,istemsonm3,istemsonm3@360.cn,209-893-9292,Hillard,Ignazio,Stemson
true,1,dkeningtonm4,dkeningtonm4@artisteer.com,997-685-4753,Burg,Dewitt,Kenington
true,1,wheliarm5,wheliarm5@cbslocal.com,279-558-0196,Finn,Willard,Heliar
true,1,jdeenerm6,jdeenerm6@bizjournals.com,155-610-7955,Giustino,Jammal,Deener
