true,1,eosbaldstone8b,eosbaldstone8b@spotify.com,450-792-7727,Enrico,Ellerey,Osbaldstone
true,1,fdiggles8c,fdiggles8c@networkadvertising.org,733-423-7130,Ancell,Ferrell,Diggles
true,1,xcattlow8d,xcattlow8d@foxnews.com,929-838-6059,Wilek,Xerxes,Cattlow
false,1,abevis8e,abevis8e@paypal.com,264-218-8007,Baudoin,Artair,Bevis
false,1,bstrettle8f,bstrettle8f@google.com.au,132-684-7327,Goober,Brendis,Strettle
true,1,jgirod8g,jgirod8g@prlog.org,243-966-8542,Giustino,Jamaal,Girod
true,1,ohabard8h,ohabard8h@unesco.org,782-914-5451,Gard,Orlan,Habard
true,1,asheal8i,asheal8i@loc.gov,671-511-5601,Dieter,Aldrich,Sheal
false,1,hhorsell8j,hhorsell8j@dyndns.org,502-384-4656,Benoit,Hogan,Horsell
true,1,ggonsalo8k,ggonsalo8k@weather.com,481-385-1082,Cobbie,Gherardo,Gonsalo
true,1,ldeekes8l,ldeekes8l@wp.com,827-477-8902,Bryanty,Leighton,Deekes
false,1,free8m,free8m@disqus.com,614-346-1990,Dieter,Fernando,Ree
true,1,jbaldin8n,jbaldin8n@is.gd,700-830-1185,Demetris,Josias,Baldin
false,1,fgibbens8o,fgibbens8o@hubpages.com,188-400-5451,Barty,Franz,Gibbens
false,1,kspykings8p,kspykings8p@creativecommons.org,407-566-3991,Greggory,Koenraad,Spykings
true,1,estanyforth8q,estanyforth8q@uiuc.edu,605-462-4025,Ezechiel,Erskine,Stanyforth
false,1,avinsen8r,avinsen8r@gizmodo.com,520-926-1754,Milo,Aguie,Vinsen
false,1,ddineen8s,ddineen8s@narod.ru,706-568-4725,Nick,Derron,Dineen
false,1,sgravey8t,sgravey8t@dyndns.org,749-788-1271,Mick,Simone,Gravey
false,1,gyelland8u,gyelland8u@bigcartel.com,130-929-4303,Desmond,Georges,Yelland
true,1,hmccardle8v,hmccardle8v@privacy.gov.au,513-690-6584,William,Hirsch,McCardle
false,1,ccumbers8w,ccumbers8w@about.com,249-434-5524,Herbert,Chrisy,Cumbers
true,1,hwoodvine8x,hwoodvine8x@fotki.com,857-323-1858,Jehu,Hamid,Woodvine
true,1,lmatieu8y,lmatieu8y@oakley.com,606-238-6966,Mack,Lonnard,Matieu
true,1,gfarrow8z,gfarrow8z@cdbaby.com,999-620-2633,Andie,Gilles,Farrow
false,1,lcornbill90,lcornbill90@engadget.com,733-104-0129,Gualterio,Lazarus,Cornbill
true,1,jbuey91,jbuey91@cisco.com,117-989-4857,Thorstein,Jeddy,Buey
true,1,sgiacopelo92,sgiacopelo92@exblog.jp,379-405-0886,Roarke,Shurlocke,Giacopelo
false,1,rgodbert93,rgodbert93@intel.com,963-736-9927,Gerald,Reinald,Godbert
true,1,imoncur94,imoncur94@pagesperso-orange.fr,850-909-6761,Salim,Itch,Moncur
true,1,rvogeler95,rvogeler95@sakura.ne.jp,128-109-1292,Tynan,Robbie,Vogeler
true,1,hmorch96,hmorch96@baidu.com,655-114-5276,Galven,Herschel,Morch
true,1,mluxon97,mluxon97@eventbrite.com,586-227-7797,Calvin,Moise,Luxon
false,1,mharnwell98,mharnwell98@photobucket.com,142-646-6699,Winny,Merell,Harnwell
true,1,hdenrico99,hdenrico99@slate.com,998-429-0803,Adam,Heindrick,D'Enrico
false,1,gargrave9a,gargrave9a@techcrunch.com,309-778-1917,Falito,Grantham,Argrave
true,1,jlinder9b,jlinder9b@ft.com,610-514-5440,Shae,Jody,Linder
false,1,ltomek9c,ltomek9c@vk.com,867-376-6764,Padraic,Linc,Tomek
false,1,lverity9d,lverity9d@prnewswire.com,514-662-1065,Trenton,Lion,Verity
false,1,wbarden9e,wbarden9e@latimes.com,463-840-0647,Franklin,Wayland,Barden
true,1,briddich9f,briddich9f@nyu.edu,808-558-8935,Emmet,Benyamin,Riddich
true,1,fcrownshaw9g,fcrownshaw9g@soup.io,213-565-7677,Jimmie,Fin,Crownshaw
false,1,bramirez9h,bramirez9h@friendfeed.com,667-264-9733,Nicolai,Bogey,Ramirez
false,1,bmosby9i,bmosby9i@ted.com,416-696-7954,Johnathon,Bone,Mosby
true,1,lmcnabb9j,lmcnabb9j@soundcloud.com,950-735-3301,Ogdan,Luce,McNabb
false,1,mtaunton9k,mtaunton9k@dyndns.org,254-183-7036,Erasmus,Myron,Taunton.
false,1,ljoder9l,ljoder9l@prweb.com,717-616-9759,Andrus,Lanie,Joder
true,1,bcalderonello9m,bcalderonello9m@fema.gov,396-567-9370,Nehemiah,Bob,Calderonello
false,1,jyitzowitz9n,jyitzowitz9n@earthlink.net,682-600-9606,Ab,Jon,Yitzowitz
true,1,ltreppas9o,ltreppas9o@1und1.de,985-949-1398,Ellswerth,Linoel,Treppas
false,1,pfidele9p,pfidele9p@wikispaces.com,631-288-8407,Trumann,Pedro,Fidele
false,1,rellingworth9q,rellingworth9q@dropbox.com,761-110-9482,Shaughn,Ronnie,Ellingworth
true,1,bhubert9r,bhubert9r@jiathis.com,168-265-4784,Quincey,Barrie,Hubert
false,1,shalleybone9s,shalleybone9s@flavors.me,616-881-1571,Wittie,Saleem,Halleybone
true,1,ctuny9t,ctuny9t@cornell.edu,370-924-2302,Locke,Cullin,Tuny
false,1,madamides9u,madamides9u@sohu.com,666-645-3386,Silas,Milty,Adamides
false,1,wszachniewicz9v,wszachniewicz9v@moonfruit.com,155-725-1944,Ric,Westbrook,Szachniewicz
true,1,nmosten9w,nmosten9w@freewebs.com,203-337-8976,Saul,Nikola,Mosten
true,1,sdalston9x,sdalston9x@unesco.org,696-598-6317,Stanislas,Sheppard,Dalston
true,1,aroll9y,aroll9y@live.com,350-882-9914,Eduino,Arnuad,Roll
true,1,zsutty9z,zsutty9z@stanford.edu,717-634-0834,Udell,Zach,Sutty
true,1,jbarringera0,jbarringera0@dot.gov,612-391-9096,Benji,Joaquin,Barringer
false,1,aspiecka1,aspiecka1@psu.edu,190-643-6024,Rudie,Aron,Spieck
false,1,jbabea2,jbabea2@woothemes.com,337-781-7886,Barth,Jayson,Babe
false,1,adodmana3,adodmana3@seattletimes.com,227-667-1100,Kermit,Archibold,Dodman
true,1,sperrygoa4,sperrygoa4@csmonitor.com,454-731-1661,Kerwin,Sanders,Perrygo
true,1,phacuna5,phacuna5@yellowbook.com,312-560-2757,Gerhardt,Paddie,Hacun
true,1,gsalamana6,gsalamana6@jimdo.com,977-721-1655,Falito,Giovanni,Salaman
false,1,jbottermana7,jbottermana7@theguardian.com,806-973-5345,Duke,Jarrad,Botterman
false,1,jcaneoa8,jcaneoa8@gov.uk,139-505-2591,Kelvin,Jdavie,Caneo
true,1,nskipperbottoma9,nskipperbottoma9@blinklist.com,286-259-4752,Bernardo,Neel,Skipperbottom
false,1,ksuttillaa,ksuttillaa@digg.com,270-126-5610,Adham,Kaspar,Suttill
true,1,pryvesab,pryvesab@phpbb.com,268-806-7317,Riccardo,Peterus,Ryves
false,1,agarrowac,agarrowac@behance.net,838-437-9755,Herculie,Arnuad,Garrow
false,1,dgulleyad,dgulleyad@yahoo.co.jp,384-369-0070,Waldemar,Devin,Gulley
true,1,dpabstae,dpabstae@pbs.org,473-341-2823,Brennan,Derk,Pabst
false,1,rhukinsaf,rhukinsaf@tuttocitta.it,976-376-3592,Courtney,Reid,Hukins
true,1,mlealleag,mlealleag@woothemes.com,274-143-5230,Kane,My,Lealle
true,1,ngrintah,ngrintah@reference.com,269-640-3864,Monro,Northrop,Grint
true,1,arollsai,arollsai@youku.com,349-184-1795,Weidar,Averil,Rolls
false,1,itallaj,itallaj@businessinsider.com,163-518-4977,Dennison,Ira,Tall
false,1,bsallaak,bsallaak@europa.eu,626-748-9517,Hale,Budd,Salla
false,1,ginchbaldal,ginchbaldal@meetup.com,856-290-5468,Hunter,Gib,Inchbald
false,1,cthormannam,cthormannam@wunderground.com,953-583-6954,Dannel,Corbin,Thormann
false,1,whazemanan,whazemanan@youtu.be,849-627-9353,Dwight,Web,Hazeman
true,1,jmccollumao,jmccollumao@businessinsider.com,853-494-0612,Kinnie,Joseito,McCollum
true,1,epridieap,epridieap@bloglovin.com,690-611-8971,Peyter,Evin,Pridie
true,1,atutchingsaq,atutchingsaq@va.gov,370-837-5016,Padget,Aube,Tutchings
true,1,wspridgenar,wspridgenar@howstuffworks.com,205-148-6508,Tymon,Wilton,Spridgen
true,1,mbowldas,mbowldas@google.es,818-993-9337,Louis,Mile,Bowld
false,1,brentollat,brentollat@nsw.gov.au,682-257-2339,Rolf,Berky,Rentoll
false,1,hslucockau,hslucockau@pinterest.com,531-941-5902,Levon,Homerus,Slucock
true,1,mbenezeav,mbenezeav@mtv.com,934-124-3296,Rex,Munmro,Beneze
false,1,cblaikaw,cblaikaw@prnewswire.com,768-203-0611,Bond,Christoper,Blaik
true,1,rhedgesax,rhedgesax@nymag.com,254-131-2511,Thorstein,Renard,Hedges
false,1,ariddockay,ariddockay@bandcamp.com,814-699-2710,Victor,Algernon,Riddock
true,1,sgiacopiniaz,sgiacopiniaz@w3.org,972-301-9729,Harold,Shamus,Giacopini
false,1,iwarretb0,iwarretb0@gmpg.org,424-482-7690,Webb,Ivan,Warret
false,1,bdowningb1,bdowningb1@cornell.edu,132-879-7354,Brewster,Berk,Downing
true,1,rswinbourneb2,rswinbourneb2@chicagotribune.com,569-872-5613,Bradford,Ricky,Swinbourne
