true,1,gcarbett5j,gcarbett5j@nhs.uk,441-667-0095,Onofredo,Gonzalo,Carbett
false,1,tvondrys5k,tvondrys5k@cbsnews.com,371-595-3180,Hazlett,Townie,Vondrys
true,1,lhawgood5l,lhawgood5l@comsenz.com,802-297-7786,Paco,Ludwig,Hawgood
true,1,wbilsborrow5m,wbilsborrow5m@ft.com,276-345-3094,Burk,Walther,Bilsborrow
false,1,vpenrith5n,vpenrith5n@joomla.org,416-700-9420,Jethro,Verney,Penrith
true,1,fbisley5o,fbisley5o@jigsy.com,967-244-8210,Hayward,Far,Bisley
false,1,nballach5p,nballach5p@dyndns.org,977-330-1780,Allen,Natale,Ballach
true,1,llark5q,llark5q@privacy.gov.au,924-560-2560,Findley,Ly,Lark
false,1,rmcdavid5r,rmcdavid5r@w3.org,675-560-5289,Stanley,Ruby,McDavid
false,1,asertin5s,asertin5s@blinklist.com,152-774-2377,Tanny,Aurthur,Sertin
true,1,smcravey5t,smcravey5t@google.it,235-229-6539,Creigh,Stanley,McRavey
true,1,gsalaman5u,gsalaman5u@mapquest.com,760-368-5468,Ritchie,Gibby,Salaman
false,1,kyurkin5v,kyurkin5v@hud.gov,137-328-9160,Pattin,Kiley,Yurkin
false,1,djoiris5w,djoiris5w@dedecms.com,876-329-9395,Konrad,Duncan,Joiris
false,1,rmuncey5x,rmuncey5x@skyrock.com,876-938-6904,Nappy,Rossie,Muncey
true,1,sharriskine5y,sharriskine5y@ucoz.com,556-740-8913,Clerc,Standford,Harriskine
false,1,lcobleigh5z,lcobleigh5z@gravatar.com,831-386-3092,Edmund,Lancelot,Cobleigh
false,1,tmccrackem60,tmccrackem60@w3.org,939-592-8112,Emmet,Tome,McCrackem
false,1,gpattillo61,gpattillo61@wikispaces.com,513-100-5147,Alex,Gonzales,Pattillo
true,1,docarran62,docarran62@prweb.com,981-132-9100,Sasha,Dewie,O'Carran
false,1,smaccarter63,smaccarter63@hibu.com,506-999-6443,Stacee,Stanford,MacCarter
false,1,jferney64,jferney64@is.gd,957-362-0628,Huntley,Joseito,Ferney
true,1,jreignould65,jreignould65@google.cn,753-680-6405,Paten,Justen,Reignould
true,1,ecruwys66,ecruwys66@businesswire.com,459-392-9388,Reinold,Elwood,Cruwys
true,1,soppery67,soppery67@clickbank.net,424-223-4779,Abey,Stanley,Oppery
false,1,rlunn68,rlunn68@nba.com,728-269-9286,Myles,Roi,Lunn
false,1,pslott69,pslott69@nymag.com,133-113-6249,Maximilianus,Pacorro,Slott
true,1,briccioppo6a,briccioppo6a@europa.eu,304-353-3184,Hamlin,Burg,Riccioppo
false,1,nmoyes6b,nmoyes6b@typepad.com,523-362-0000,Kaleb,Ned,Moyes
false,1,ecoddrington6c,ecoddrington6c@opera.com,574-853-6542,Markos,Eldridge,Coddrington
false,1,bduffit6d,bduffit6d@icio.us,306-807-6398,Kristopher,Burnaby,Duffit
true,1,lfluck6e,lfluck6e@squarespace.com,972-152-8959,Vincenty,Linc,Fluck
false,1,hmathieson6f,hmathieson6f@technorati.com,516-109-8024,Isador,Harcourt,Mathieson
false,1,tmalafe6g,tmalafe6g@google.ca,391-351-9649,Kaleb,Tallie,Malafe
false,1,rtugman6h,rtugman6h@bbb.org,504-378-0832,Burr,Rob,Tugman
true,1,tkohler6i,tkohler6i@arstechnica.com,260-253-6394,Ward,Tristan,Kohler
true,1,cfeake6j,cfeake6j@bbb.org,875-265-7222,Stanislas,Cos,Feake
true,1,vhendren6k,vhendren6k@ehow.com,263-694-1164,Gavan,Vincents,Hendren
true,1,atethcote6l,atethcote6l@t.co,863-902-7660,Yancey,Armand,Tethcote
false,1,sizon6m,sizon6m@mtv.com,176-386-0391,Farlie,Swen,Izon
false,1,clinturn6n,clinturn6n@who.int,946-166-8061,Pace,Clark,Linturn
true,1,tfozard6o,tfozard6o@wsj.com,577-506-7564,Terrill,Tracie,Fozard
false,1,rchelsom6p,rchelsom6p@icq.com,299-847-8546,Benyamin,Rafaello,Chelsom
true,1,wswiffen6q,wswiffen6q@nationalgeographic.com,818-200-2680,Ware,Walther,Swiffen
true,1,asorbie6r,asorbie6r@pen.io,957-633-3558,Gale,Adolph,Sorbie
false,1,bharrinson6s,bharrinson6s@hhs.gov,877-827-0674,Juan,Brandon,Harrinson
true,1,yleversha6t,yleversha6t@a8.net,455-467-8790,Valentin,Yves,Leversha
true,1,nskarin6u,nskarin6u@nba.com,541-712-4602,Zebadiah,Nikolos,Skarin
true,1,hnern6v,hnern6v@wikimedia.org,828-792-1184,Harcourt,Hailey,Nern
false,1,zleaton6w,zleaton6w@cam.ac.uk,107-278-2777,Ellerey,Zachariah,Leaton
true,1,eseery6x,eseery6x@squarespace.com,818-861-9224,Mordecai,Earl,Seery
true,1,trymell6y,trymell6y@mashable.com,749-139-4212,Josiah,Townie,Rymell
false,1,pkrauss6z,pkrauss6z@storify.com,516-807-1565,Tallie,Putnem,Krauss
true,1,hroman70,hroman70@livejournal.com,820-549-2590,Hollis,Hector,Roman
true,1,clooney71,clooney71@ucoz.ru,838-533-8893,Sayres,Creigh,Looney
true,1,hkondrachenko72,hkondrachenko72@hhs.gov,174-631-4765,Peadar,Hunt,Kondrachenko
false,1,smccauley73,smccauley73@slashdot.org,202-313-3574,Travus,Salvador,McCauley
false,1,rirving74,rirving74@slideshare.net,385-155-0465,Damien,Rudie,Irving
true,1,ebomb75,ebomb75@skype.com,433-850-2549,Heall,Ernest,Bomb
false,1,gesslemont76,gesslemont76@kickstarter.com,603-275-2319,Henderson,Garrot,Esslemont
true,1,rkenward77,rkenward77@fc2.com,191-871-1637,Aland,Rip,Kenward
true,1,pclucas78,pclucas78@umich.edu,562-933-0220,Bruis,Parsifal,Clucas
false,1,tseppey79,tseppey79@shinystat.com,390-376-3552,Elias,Taite,Seppey
true,1,wducket7a,wducket7a@mit.edu,785-792-3970,Broderick,Weston,Ducket
true,1,rjanjic7b,rjanjic7b@wired.com,119-923-2293,Teodorico,Rickard,Janjic
false,1,cjahnel7c,cjahnel7c@mac.com,319-598-1120,Eldin,Conan,Jahnel
true,1,nstatham7d,nstatham7d@godaddy.com,428-639-1162,Court,Nelson,Statham
true,1,cdemiranda7e,cdemiranda7e@tinyurl.com,319-540-0080,Frasier,Cecilio,De Miranda
false,1,efortescue7f,efortescue7f@hubpages.com,390-314-3021,Rubin,Edward,Fortescue
true,1,cweigh7g,cweigh7g@engadget.com,549-778-1662,Darb,Claiborne,Weigh
true,1,froswarne7h,froswarne7h@princeton.edu,457-647-5608,Wolfy,Fitz,Roswarne
true,1,tantuoni7i,tantuoni7i@cnet.com,649-277-0937,Erny,Tremayne,Antuoni
false,1,rgoulborn7j,rgoulborn7j@lycos.com,123-393-9229,Byrann,Rafael,Goulborn
false,1,ppendlington7k,ppendlington7k@dyndns.org,941-793-9921,Carolus,Portie,Pendlington
true,1,nalbrecht7l,nalbrecht7l@live.com,762-861-7725,Shelton,Nigel,Albrecht
true,1,htonepohl7m,htonepohl7m@uiuc.edu,453-973-3246,Hadlee,Harper,Tonepohl
true,1,ebodham7n,ebodham7n@technorati.com,254-422-2069,Tonnie,Eddie,Bodham
false,1,slodge7o,slodge7o@narod.ru,631-892-0777,Warner,Son,Lodge
false,1,ptaylder7p,ptaylder7p@pen.io,252-406-9992,Clerc,Port,Taylder
false,1,pdecruze7q,pdecruze7q@vistaprint.com,482-353-8726,Averill,Patin,De Cruze
false,1,crief7r,crief7r@paginegialle.it,197-686-6904,Joachim,Curtice,Rief
false,1,tkimberly7s,tkimberly7s@wordpress.org,577-886-1498,Omero,Trueman,Kimberly
false,1,gcaslake7t,gcaslake7t@mapy.cz,868-514-6132,Meade,Grantham,Caslake
true,1,cpeterkin7u,cpeterkin7u@deviantart.com,667-246-3860,Guntar,Cyrill,Peterkin
false,1,tpenrice7v,tpenrice7v@weather.com,218-741-9648,Irwinn,Tybalt,Penrice
true,1,mwaith7w,mwaith7w@squidoo.com,878-863-4404,Haven,Malvin,Waith
true,1,ddillingstone7x,ddillingstone7x@altervista.org,129-283-9760,Miltie,Darill,Dillingstone
true,1,keddie7y,keddie7y@twitter.com,818-414-7437,Fredrick,Kurt,Eddie
true,1,ihexum7z,ihexum7z@wsj.com,371-142-8251,Sheff,Ingram,Hexum
true,1,zcolston80,zcolston80@ebay.co.uk,446-945-3205,Kendell,Zared,Colston
true,1,ahinstridge81,ahinstridge81@freewebs.com,151-233-1274,Conan,Alberto,Hinstridge
false,1,qberney82,qberney82@adobe.com,776-569-0162,Antonio,Quintin,Berney
true,1,agorham83,agorham83@sakura.ne.jp,367-377-4792,Trev,Avigdor,Gorham
true,1,tdrissell84,tdrissell84@imageshack.us,236-921-2916,Darn,Tedie,Drissell
true,1,eclowser85,eclowser85@cdbaby.com,605-748-7589,Alexis,Eddie,Clowser
false,1,ccullerne86,ccullerne86@boston.com,386-715-2320,Barnabe,Colan,Cullerne
false,1,bwalling87,bwalling87@homestead.com,879-571-5128,Beck,Bryan,Walling
false,1,tdunsford88,tdunsford88@usatoday.com,173-775-9212,Munroe,Tann,Dunsford
true,1,ftoffanini89,ftoffanini89@earthlink.net,347-812-0595,Chaddie,Frederich,Toffanini
false,1,jsheals8a,jsheals8a@phpbb.com,483-335-4181,Aldin,Jecho,Sheals
