false,1,swinspearedv,swinspearedv@columbia.edu,106-309-7558,Major,Shae,Winspeare
true,1,mpedriellidw,mpedriellidw@lulu.com,293-690-1092,Zerk,Matt,Pedrielli
true,1,gearrydx,gearrydx@mac.com,158-657-6573,Kaiser,Giuseppe,Earry
false,1,bmatthiesendy,bmatthiesendy@uol.com.br,873-174-1402,Frannie,Borden,Matthiesen
true,1,bweymontdz,bweymontdz@usnews.com,413-307-9895,Garrek,Brucie,Weymont
false,1,bbirkwoode0,bbirkwoode0@yolasite.com,207-320-9321,Yulma,Bennett,Birkwood
true,1,ksirmane1,ksirmane1@ted.com,843-902-6567,Donnell,Keary,Sirman
true,1,hhankine2,hhankine2@columbia.edu,975-449-4982,Adriano,Hartwell,Hankin
true,1,sfairebrothere3,sfairebrothere3@wunderground.com,991-648-0768,Ervin,Sollie,Fairebrother
true,1,emccombe4,emccombe4@myspace.com,339-260-6507,Sutton,Early,Mc Comb
false,1,cgrase5,cgrase5@tripadvisor.com,342-160-0297,Courtney,Cob,Gras
false,1,wmerceye6,wmerceye6@time.com,712-248-8289,Dalli,Wilfred,Mercey
false,1,sbetsere7,sbetsere7@a8.net,257-367-5012,Stephanus,Sigismundo,Betser
true,1,epickvancee8,epickvancee8@timesonline.co.uk,704-292-1314,Vinson,Edward,Pickvance
false,1,bosbane9,bosbane9@un.org,550-527-3165,Kale,Bjorn,Osban
false,1,amccreadieea,amccreadieea@people.com.cn,482-983-8372,Dene,Avrom,McCreadie
true,1,brabateb,brabateb@360.cn,378-425-3174,Phillip,Burtie,Rabat
false,1,efarmloeec,efarmloeec@wisc.edu,759-158-5510,Hershel,Evan,Farmloe
true,1,eedwickeed,eedwickeed@clickbank.net,490-842-8883,Matias,Edd,Edwicke
true,1,dkirkhouseee,dkirkhouseee@smh.com.au,416-240-7322,Anselm,Dennison,Kirkhouse
true,1,wabdeeef,wabdeeef@yahoo.co.jp,721-313-7239,Travers,Walt,Abdee
false,1,gspiveyeg,gspiveyeg@newyorker.com,595-266-9009,Morly,Germaine,Spivey
false,1,kitzkovicheh,kitzkovicheh@sitemeter.com,303-141-4358,Colet,Karney,Itzkovich
false,1,kainsleeei,kainsleeei@pbs.org,683-607-5800,Ham,Kinnie,Ainslee
false,1,bkeyselej,bkeyselej@sfgate.com,334-865-6395,Portie,Barnett,Keysel
false,1,mbanceek,mbanceek@pagesperso-orange.fr,740-220-4067,Elton,Marcel,Bance
false,1,cskepel,cskepel@technorati.com,199-505-3122,Jayme,Clarke,Skep
true,1,dgounelem,dgounelem@harvard.edu,720-611-1724,Marijn,Dylan,Gounel
true,1,bpetruskaen,bpetruskaen@businesswire.com,364-210-1465,Tye,Barclay,Petruska
false,1,whatwelleo,whatwelleo@narod.ru,406-702-3966,Cyrus,Wakefield,Hatwell
false,1,clabellep,clabellep@who.int,322-693-9230,Colby,Claudio,Labell
true,1,pgruszeckieq,pgruszeckieq@hc360.com,754-662-0780,Rip,Pryce,Gruszecki
false,1,ogyerer,ogyerer@nifty.com,473-331-3759,Yorke,Orrin,Gyer
false,1,ldaintyes,ldaintyes@edublogs.org,334-153-2952,Jeffy,Lars,Dainty
false,1,tfouldset,tfouldset@acquirethisname.com,660-575-7164,Elisha,Tymon,Foulds
true,1,wnewarkeu,wnewarkeu@abc.net.au,263-462-8837,Loydie,Wendel,Newark
false,1,gwentworthev,gwentworthev@icq.com,620-989-6190,Sebastian,Godwin,Wentworth
true,1,scarleyew,scarleyew@dedecms.com,226-197-0059,Rustin,Silvanus,Carley
true,1,pcoateex,pcoateex@parallels.com,962-222-1030,Brucie,Philbert,Coate
true,1,cbispoey,cbispoey@reddit.com,723-477-0184,Rance,Carlyle,Bispo
false,1,hjurisez,hjurisez@nhs.uk,251-652-3039,Brant,Henri,Juris
false,1,bfranekf0,bfranekf0@time.com,252-226-4017,Denys,Benjamen,Franek
false,1,sgiveenf1,sgiveenf1@mozilla.com,606-233-3375,Nial,Stanwood,Giveen
false,1,mboissierf2,mboissierf2@nifty.com,548-809-8592,Langsdon,Murvyn,Boissier
true,1,ckeavef3,ckeavef3@1688.com,675-561-0312,Morse,Cobbie,Keave
false,1,asomerledf4,asomerledf4@cornell.edu,325-208-7301,Nicolis,Archibold,Somerled
true,1,jsimkovitzf5,jsimkovitzf5@webnode.com,352-670-4699,Corney,Jonas,Simkovitz
false,1,ehearlf6,ehearlf6@altervista.org,744-702-2947,Lauritz,Eduard,Hearl
true,1,mbordonef7,mbordonef7@blogtalkradio.com,173-684-1153,Martino,Morley,Bordone
false,1,mcoltf8,mcoltf8@amazonaws.com,200-725-2548,Toddy,Mark,Colt
true,1,kbamlingf9,kbamlingf9@elegantthemes.com,511-367-5254,Frans,Koenraad,Bamling
false,1,proosfa,proosfa@networksolutions.com,290-880-2835,Vassili,Perice,Roos
false,1,bproschfb,bproschfb@unicef.org,255-736-1054,Field,Brenden,Prosch
true,1,ogallaherfc,ogallaherfc@t.co,293-936-2944,Corney,Omar,Gallaher
true,1,bfossfd,bfossfd@ibm.com,639-801-9263,Wylie,Bart,Foss
true,1,rfisbeyfe,rfisbeyfe@smh.com.au,255-855-8157,Taylor,Reamonn,Fisbey
true,1,nwhorltonff,nwhorltonff@princeton.edu,804-522-2584,Hamilton,Nicko,Whorlton
true,1,rchrestienfg,rchrestienfg@gov.uk,680-155-8115,Elvin,Rolando,Chrestien
false,1,gnickollfh,gnickollfh@wordpress.com,470-401-7391,Hayyim,Gregg,Nickoll
false,1,dmerryfieldfi,dmerryfieldfi@disqus.com,663-557-7542,Mischa,Delmor,Merryfield
false,1,hpavelkafj,hpavelkafj@surveymonkey.com,532-451-4890,Cully,Hasheem,Pavelka
false,1,oelphinstonefk,oelphinstonefk@ustream.tv,234-508-9238,Giulio,Orville,Elphinstone
true,1,ndruettfl,ndruettfl@npr.org,203-430-6622,Scottie,Nahum,Druett
false,1,cquartonfm,cquartonfm@people.com.cn,868-786-5008,Vail,Chucho,Quarton
true,1,zdanskinefn,zdanskinefn@ameblo.jp,716-635-8677,Hilly,Zackariah,Danskine
true,1,phallewellfo,phallewellfo@4shared.com,348-968-9129,Devlen,Payton,Hallewell
false,1,akettlesonfp,akettlesonfp@google.ca,842-719-4810,Eddie,Alic,Kettleson
false,1,mmacpakefq,mmacpakefq@infoseek.co.jp,421-443-1674,Davin,Murvyn,MacPake
true,1,mduhamelfr,mduhamelfr@bbc.co.uk,595-434-5078,Maximilien,Mahmoud,Du Hamel
false,1,btailbyfs,btailbyfs@columbia.edu,547-608-4690,Bertram,Birch,Tailby
true,1,mrhymerft,mrhymerft@ebay.com,368-548-0466,West,Murdoch,Rhymer
false,1,iwhyffenfu,iwhyffenfu@over-blog.com,456-952-2156,Fulton,Isaiah,Whyffen
true,1,bchaudhryfv,bchaudhryfv@e-recht24.de,380-503-1480,Briano,Burnard,Chaudhry
true,1,gwhitnallfw,gwhitnallfw@fema.gov,266-764-3341,Mitchel,Gaylor,Whitnall
true,1,eheffernanfx,eheffernanfx@g.co,453-843-5298,Nickey,Elwin,Heffernan
true,1,asharvillefy,asharvillefy@samsung.com,796-443-5715,Pippo,Ambrosius,Sharville
false,1,fbullasfz,fbullasfz@woothemes.com,332-525-6842,Peadar,Fairlie,Bullas
true,1,lakamg0,lakamg0@jimdo.com,235-737-8875,Bald,Levi,Akam
true,1,apoulstong1,apoulstong1@wiley.com,364-545-3090,Germain,Abbott,Poulston
true,1,gkohrdingg2,gkohrdingg2@storify.com,196-993-0407,Aguie,Garrott,Kohrding
true,1,lkemetg3,lkemetg3@vkontakte.ru,986-123-7346,Grenville,Lion,Kemet
true,1,cbrookwoodg4,cbrookwoodg4@latimes.com,375-492-8861,Gabi,Chickie,Brookwood
true,1,sfrankling5,sfrankling5@ox.ac.uk,117-723-9103,Felice,Selig,Franklin
true,1,ewoodworthg6,ewoodworthg6@weebly.com,379-913-7349,Matt,Eamon,Woodworth
false,1,pcawtheryg7,pcawtheryg7@shop-pro.jp,321-329-8749,Carlo,Perry,Cawthery
false,1,bfolletg8,bfolletg8@yahoo.co.jp,240-736-7413,Alford,Basil,Follet
true,1,ddarnbroughg9,ddarnbroughg9@over-blog.com,989-347-4122,Ara,Davidde,Darnbrough
false,1,eilyuchyovga,eilyuchyovga@ox.ac.uk,273-327-6056,Patric,Ewan,Ilyuchyov
false,1,ecolecroughgb,ecolecroughgb@indiegogo.com,317-546-0934,Reynolds,Ezequiel,Colecrough
true,1,egantzgc,egantzgc@ebay.com,604-201-4627,Buiron,Em,Gantz
false,1,ddurandgd,ddurandgd@amazon.com,464-150-3386,Pebrook,Darrick,Durand
true,1,equenellge,equenellge@unc.edu,762-873-3372,Colas,Elmer,Quenell
false,1,nrominovgf,nrominovgf@unicef.org,511-610-4103,Esdras,Nicolais,Rominov
true,1,kjeanneaugg,kjeanneaugg@alexa.com,337-687-1550,Parke,Kippie,Jeanneau
true,1,dbeelbygh,dbeelbygh@bluehost.com,226-886-2461,Abner,Decca,Beelby
true,1,cfaltingi,cfaltingi@behance.net,562-598-6332,Andrew,Christoper,Faltin
false,1,agrinnellgj,agrinnellgj@exblog.jp,212-464-4239,Orlando,Aldo,Grinnell
true,1,lglossupgk,lglossupgk@wired.com,394-481-9578,Archambault,Lindsey,Glossup
true,1,gbuddgl,gbuddgl@oaic.gov.au,848-594-3982,Jone,Giorgio,Budd
false,1,aeassomgm,aeassomgm@admin.ch,643-564-1178,Faber,Arne,Eassom
