true,1,mgoeffnl,mgoeffnl@cam.ac.uk,531-211-5486,Salomone,Max,Goeff
false,1,afaheynm,afaheynm@discuz.net,900-826-1293,Eamon,Antone,Fahey
true,1,ichaslesnn,ichaslesnn@freewebs.com,899-963-1536,Denis,Isidoro,Chasles
true,1,dpengelleyno,dpengelleyno@eventbrite.com,626-357-1142,Mikkel,Dunstan,Pengelley
true,1,lounsworthnp,lounsworthnp@businessinsider.com,117-194-6473,Aristotle,Leopold,Ounsworth
false,1,grizzonenq,grizzonenq@mozilla.org,579-166-8776,Donnell,Giusto,Rizzone
false,1,hmousleynr,hmousleynr@columbia.edu,879-859-7797,Isador,Hallsy,Mousley
true,1,csmeadns,csmeadns@google.fr,976-164-1172,Izzy,Cully,Smead
false,1,ntupmannt,ntupmannt@facebook.com,237-555-2902,Oliviero,Nicolas,Tupman
true,1,csimonazzinu,csimonazzinu@wsj.com,311-897-1427,Demott,Courtney,Simonazzi
false,1,mmcpartlinnv,mmcpartlinnv@bloglovin.com,340-210-5377,Ike,Man,McPartlin
false,1,anetleynw,anetleynw@patch.com,664-514-8622,Hymie,Aharon,Netley
false,1,dworldnx,dworldnx@google.com,523-736-4529,Jarred,Dwain,World
true,1,nogormleyny,nogormleyny@mysql.com,889-306-7110,Tait,Nobie,O'Gormley
false,1,eincenz,eincenz@dmoz.org,643-208-6378,Huntlee,Elroy,Ince
false,1,erobshawo0,erobshawo0@gnu.org,245-519-6545,Earvin,Eberhard,Robshaw
true,1,gshaplando1,gshaplando1@prnewswire.com,830-690-0574,Warner,Gaspar,Shapland
false,1,tsmalecombeo2,tsmalecombeo2@miibeian.gov.cn,735-924-8117,Allen,Teddie,Smalecombe
false,1,gcoyteo3,gcoyteo3@pen.io,335-688-4249,Valentino,Greg,Coyte
true,1,mclausewitzo4,mclausewitzo4@netlog.com,481-104-9527,Devlen,Maynord,Clausewitz
true,1,wolivao5,wolivao5@hatena.ne.jp,741-549-6767,Esteban,Weylin,Oliva
true,1,fgregolino6,fgregolino6@xing.com,810-156-8965,Boyce,Franchot,Gregolin
false,1,bplumbleyo7,bplumbleyo7@hatena.ne.jp,756-787-4571,Pasquale,Brew,Plumbley
true,1,lantosiko8,lantosiko8@cbsnews.com,262-885-9474,Barclay,Ludvig,Antosik
false,1,rmaiero9,rmaiero9@twitter.com,158-333-3392,Say,Rufus,Maier
true,1,ealburyoa,ealburyoa@behance.net,392-400-9462,Derrek,Edlin,Albury
false,1,bmatsellob,bmatsellob@photobucket.com,682-484-3830,Barney,Brade,Matsell
false,1,bonionoc,bonionoc@usatoday.com,123-916-8940,Robbert,Bank,Onion
false,1,slapwoodod,slapwoodod@livejournal.com,294-873-9759,Sergent,Skippy,Lapwood
true,1,abatecokoe,abatecokoe@privacy.gov.au,206-931-4456,Antoni,Asher,Batecok
true,1,cenokssonof,cenokssonof@biglobe.ne.jp,703-341-2290,Glen,Chevy,Enoksson
false,1,btoulsonog,btoulsonog@oakley.com,889-343-7820,Isidoro,Bowie,Toulson
true,1,kkempsonoh,kkempsonoh@biglobe.ne.jp,772-116-3351,Trevar,Kelsey,Kempson
true,1,tbrisseoi,tbrisseoi@kickstarter.com,522-963-0728,Pennie,Torrance,Brisse
true,1,dmcalesteroj,dmcalesteroj@php.net,157-104-5144,Chic,Doug,McAlester
false,1,pkmietschok,pkmietschok@ft.com,143-665-4854,Earvin,Pebrook,Kmietsch
true,1,vdameiseleol,vdameiseleol@sakura.ne.jp,175-543-4054,Dewey,Virgie,Dameisele
true,1,wyarnoldom,wyarnoldom@npr.org,157-786-5319,Barnard,Wade,Yarnold
true,1,rdominkaon,rdominkaon@t-online.de,756-951-8558,Sauncho,Rudiger,Dominka
true,1,jmaytomoo,jmaytomoo@prweb.com,614-420-2615,Skip,Julian,Maytom
true,1,slongworthyop,slongworthyop@goo.gl,704-930-0547,Perceval,Shannon,Longworthy
false,1,fhabletoq,fhabletoq@spiegel.de,628-611-3359,Mike,Freedman,Hablet
true,1,nkarimor,nkarimor@list-manage.com,257-417-9109,Lemuel,Noel,Karim
true,1,fhankinos,fhankinos@sina.com.cn,778-738-5369,Roger,Farlie,Hankin
false,1,qkennlerot,qkennlerot@washingtonpost.com,354-948-0468,Urbano,Quincey,Kennler
false,1,jduferou,jduferou@fema.gov,184-205-8922,Eddie,Jabez,Dufer
true,1,erichardeauov,erichardeauov@freewebs.com,391-336-8106,Boy,Emerson,Richardeau
true,1,sdevannyow,sdevannyow@forbes.com,405-964-5584,Loy,Sid,Devanny
false,1,fwindmillox,fwindmillox@cam.ac.uk,379-625-8110,Etienne,Farr,Windmill
true,1,dbartosekoy,dbartosekoy@cbc.ca,337-346-2538,Ramon,Duff,Bartosek
