false,1,eheadingham2r,eheadingham2r@dell.com,766-635-4127,Shea,Ettore,Headingham
false,1,gslator2s,gslator2s@wsj.com,306-309-6410,Hadley,Gail,Slator
true,1,aorgen2t,aorgen2t@businesswire.com,897-606-7869,Sanford,Ashby,Orgen
false,1,nfylan2u,nfylan2u@irs.gov,454-992-6524,Kasper,Noam,Fylan
true,1,zwarters2v,zwarters2v@skype.com,312-277-1912,Gerry,Zebadiah,Warters
false,1,lridler2w,lridler2w@constantcontact.com,417-807-8780,Padget,Leonardo,Ridler
true,1,mhourahan2x,mhourahan2x@ycombinator.com,704-608-3599,Pernell,Marlowe,Hourahan
false,1,cpadly2y,cpadly2y@toplist.cz,424-615-0411,Valentin,Chester,Padly
false,1,zbrissard2z,zbrissard2z@typepad.com,947-158-9631,Bordie,Zerk,Brissard
true,1,ggilhool30,ggilhool30@aboutads.info,224-930-2032,Cassie,Gabby,Gilhool
false,1,tdobble31,tdobble31@51.la,107-970-6373,Kahaleel,Thaddeus,Dobble
true,1,bphilips32,bphilips32@chron.com,714-428-6644,Patrizius,Berk,Philips
true,1,phickisson33,phickisson33@sciencedirect.com,166-241-0062,Bastien,Pace,Hickisson
true,1,fbogeys34,fbogeys34@surveymonkey.com,656-889-6456,Noak,Fabe,Bogeys
false,1,nrobjant35,nrobjant35@yolasite.com,226-159-0828,Ervin,Ned,Robjant
true,1,dbauldrey36,dbauldrey36@ibm.com,115-394-6258,Daron,Dolph,Bauldrey
true,1,rfencott37,rfencott37@reuters.com,170-188-3550,Garald,Rickard,Fencott
true,1,dhearson38,dhearson38@netscape.com,644-462-7686,Thaine,Darn,Hearson
false,1,hdelacroux39,hdelacroux39@hhs.gov,726-559-5096,Jefferson,Hunter,Delacroux
false,1,wstalf3a,wstalf3a@ted.com,519-691-4836,Lew,Whittaker,Stalf
true,1,mvane3b,mvane3b@statcounter.com,488-845-2461,Sanson,Maxwell,Vane
false,1,bbrimmell3c,bbrimmell3c@blog.com,374-235-1863,Rolf,Bruno,Brimmell
false,1,ltaverner3d,ltaverner3d@topsy.com,132-341-0701,Lonny,Lothaire,Taverner
true,1,mpolglaze3e,mpolglaze3e@wunderground.com,146-381-9335,Lambert,Micheil,Polglaze
true,1,hdysert3f,hdysert3f@theguardian.com,653-939-6049,Gerome,Hamnet,Dysert
true,1,rkinforth3g,rkinforth3g@studiopress.com,587-855-7622,Torin,Rufe,Kinforth
true,1,jpaterno3h,jpaterno3h@dailymotion.com,377-839-3043,Kimball,Justin,Paterno
false,1,bmccrone3i,bmccrone3i@berkeley.edu,713-280-7758,Gav,Bartel,McCrone
true,1,wkolinsky3j,wkolinsky3j@hubpages.com,861-575-0325,Paulie,Waylin,Kolinsky
false,1,rpirot3k,rpirot3k@slideshare.net,128-567-7464,Lowe,Rocky,Pirot
false,1,cdawidowitz3l,cdawidowitz3l@geocities.com,703-916-3250,Terri,Cole,Dawidowitz
true,1,whaylor3m,whaylor3m@utexas.edu,227-451-3536,Archer,Wallas,Haylor
true,1,hbettlestone3n,hbettlestone3n@chron.com,617-795-9771,Elwood,Harrison,Bettlestone
false,1,adumbreck3o,adumbreck3o@gravatar.com,491-303-7126,Buddy,Ambrosius,Dumbreck
false,1,scorballis3p,scorballis3p@google.co.jp,338-976-9763,Batholomew,Silvester,Corballis
true,1,jredmile3q,jredmile3q@java.com,796-840-6009,Ennis,Jerald,Redmile
true,1,bstoyell3r,bstoyell3r@dyndns.org,845-956-9148,Xenos,Berton,Stoyell
false,1,vgynne3s,vgynne3s@4shared.com,942-632-4264,Tristan,Vin,Gynne
false,1,bfellow3t,bfellow3t@instagram.com,894-911-5298,Glenn,Bertrando,Fellow
false,1,dmoult3u,dmoult3u@google.it,785-682-3126,Haydon,Dael,Moult
false,1,hcantle3v,hcantle3v@answers.com,606-226-2558,Dominick,Hanan,Cantle
true,1,rdyte3w,rdyte3w@huffingtonpost.com,105-220-2644,Haskel,Radcliffe,Dyte
false,1,ftest3x,ftest3x@toplist.cz,146-749-1616,Mathian,Farley,Test
true,1,gwhapples3y,gwhapples3y@feedburner.com,188-219-4428,Hamish,Gardy,Whapples
false,1,jcarwithim3z,jcarwithim3z@symantec.com,202-244-1437,Eziechiele,Jory,Carwithim
false,1,galdwich40,galdwich40@ed.gov,316-133-3924,Odo,Gav,Aldwich
true,1,adyos41,adyos41@goo.ne.jp,796-281-0606,Rowland,Aldwin,Dyos
true,1,dlowis42,dlowis42@ezinearticles.com,881-370-6975,Corby,Douglas,Lowis
false,1,hmenichi43,hmenichi43@sphinn.com,238-938-0269,Isiahi,Hymie,Menichi
false,1,ochauvey44,ochauvey44@macromedia.com,531-230-1362,Grantham,Osgood,Chauvey
false,1,glessmare45,glessmare45@wufoo.com,532-350-8911,Svend,Gonzalo,Lessmare
false,1,jmackness46,jmackness46@hubpages.com,996-437-0454,Zacharia,Jessie,Mackness
true,1,rmapletoft47,rmapletoft47@shop-pro.jp,862-654-1562,Gaston,Rustin,Mapletoft
false,1,dould48,dould48@cnet.com,732-499-6520,Donalt,Dukey,Ould
true,1,tmeere49,tmeere49@reverbnation.com,143-653-6968,Westbrooke,Tynan,Meere
false,1,asimonetto4a,asimonetto4a@state.tx.us,661-998-1343,Wallas,Amerigo,Simonetto
false,1,grumgay4b,grumgay4b@columbia.edu,406-967-2509,Frank,Gerick,Rumgay
true,1,cberriball4c,cberriball4c@is.gd,575-230-4018,Colman,Conney,Berriball
true,1,mpetken4d,mpetken4d@sogou.com,567-392-2831,Rabi,Marcos,Petken
false,1,cstearley4e,cstearley4e@wiley.com,500-321-9112,Melvyn,Carling,Stearley
false,1,tkensit4f,tkensit4f@samsung.com,344-963-5338,Dmitri,Thatch,Kensit
false,1,pbromwich4g,pbromwich4g@vistaprint.com,308-406-0955,Schuyler,Pooh,Bromwich
true,1,cpass4h,cpass4h@jugem.jp,752-787-7685,Orbadiah,Claudio,Pass
false,1,mblaisdell4i,mblaisdell4i@miibeian.gov.cn,496-971-4153,Humfrey,Morgun,Blaisdell
false,1,hmccaughen4j,hmccaughen4j@fotki.com,513-876-3944,Gideon,Hussein,Mc Caughen
false,1,itoffts4k,itoffts4k@ehow.com,289-215-5704,Hazlett,Isac,Toffts
false,1,mgecks4l,mgecks4l@mysql.com,681-287-5151,Bertrando,Mort,Gecks
false,1,mblyth4m,mblyth4m@theglobeandmail.com,744-397-3730,Garrot,Moss,Blyth
false,1,gdani4n,gdani4n@quantcast.com,578-234-1019,Patric,Graehme,Dani
true,1,cghiroldi4o,cghiroldi4o@biblegateway.com,531-871-7856,Rob,Cyril,Ghiroldi
true,1,ladamik4p,ladamik4p@washingtonpost.com,959-765-7967,Sander,Lucais,Adamik
false,1,kgurko4q,kgurko4q@patch.com,966-254-5862,Eward,Kristoffer,Gurko
true,1,nchatelain4r,nchatelain4r@yahoo.co.jp,129-102-4191,Aloysius,Nealy,Chatelain
false,1,cjope4s,cjope4s@alexa.com,632-905-0324,Omero,Cyrill,Jope
true,1,jkurdani4t,jkurdani4t@geocities.com,179-699-1148,Smith,Jody,Kurdani
true,1,rdower4u,rdower4u@java.com,790-220-3103,Lynn,Rustin,Dower
true,1,rslessar4v,rslessar4v@multiply.com,212-525-9435,Elwin,Rancell,Slessar
false,1,twoltering4w,twoltering4w@unblog.fr,696-787-5360,Jacobo,Tulley,Woltering
false,1,ocottle4x,ocottle4x@buzzfeed.com,580-808-4388,Adolphus,Otes,Cottle
false,1,kgarritley4y,kgarritley4y@theglobeandmail.com,539-967-0640,Walker,Keenan,Garritley
true,1,ycroson4z,ycroson4z@bloglines.com,764-474-0899,Claiborne,Yale,Croson
false,1,dveque50,dveque50@ihg.com,669-810-1921,Troy,Dionysus,Veque
true,1,trannie51,trannie51@newyorker.com,676-187-4582,Shaun,Tome,Rannie
false,1,dlopez52,dlopez52@va.gov,322-545-9646,Steven,Davide,Lopez
false,1,golczyk53,golczyk53@friendfeed.com,750-661-6068,Rodger,Giraud,Olczyk
true,1,smewe54,smewe54@cpanel.net,740-330-7172,Maddy,Simone,Mewe
true,1,bmaric55,bmaric55@networkadvertising.org,561-670-1762,Rudiger,Brandy,Maric
false,1,kcochern56,kcochern56@indiegogo.com,384-832-9092,Claudell,Keenan,Cochern
false,1,amcgowing57,amcgowing57@toplist.cz,544-380-9412,Haily,Alejoa,McGowing
false,1,nmacneilage58,nmacneilage58@abc.net.au,548-914-9477,Timotheus,Natale,MacNeilage
true,1,ffeaveryear59,ffeaveryear59@patch.com,332-671-9144,Erwin,Fin,Feaveryear
true,1,dkitcher5a,dkitcher5a@mapy.cz,398-695-2581,Benson,Dillon,Kitcher
false,1,sscouse5b,sscouse5b@patch.com,883-903-1180,Flem,Sansone,Scouse
true,1,ofoystone5c,ofoystone5c@godaddy.com,827-545-2757,Anders,Otho,Foystone
false,1,kdominicacci5d,kdominicacci5d@dailymail.co.uk,665-282-5270,Orrin,Kermy,Dominicacci
true,1,nhirjak5e,nhirjak5e@list-manage.com,539-477-3579,Charley,Normy,Hirjak
true,1,gordidge5f,gordidge5f@ebay.com,527-285-6751,Martainn,Greggory,Ordidge
false,1,moverell5g,moverell5g@omniture.com,947-174-7873,Tailor,Monte,Overell
false,1,skilbee5h,skilbee5h@ovh.net,580-724-8289,Matias,Siffre,Kilbee
true,1,wglandfield5i,wglandfield5i@tiny.cc,675-866-0289,Tam,Wallie,Glandfield
