active,tenantId,username,emailAddress,phone,given,second,family
false,1,hthys0,hthys0@sohu.com,333-288-7962,Maurits,Hunt,Thys
true,1,llundon1,llundon1@businessinsider.com,277-290-8152,Archer,Lance,Lundon
false,1,shaugen2,shaugen2@amazon.co.jp,757-423-7472,Sanderson,Shep,Haugen
true,1,fmerrien3,fmerrien3@whitehouse.gov,201-858-0059,Aldus,Frederigo,Merrien
true,1,nwabey4,nwabey4@bizjournals.com,940-660-9965,Ely,Nester,Wabey
false,1,nburr5,nburr5@sina.com.cn,279-553-4035,Brent,Nikki,Burr
true,1,cpelham6,cpelham6@blinklist.com,854-483-1360,Rab,Colet,Pelham
false,1,gnorcliff7,gnorcliff7@narod.ru,316-743-4093,Aldis,Garey,Norcliff
false,1,pterzi8,pterzi8@sun.com,572-829-1924,Rick,Perkin,Terzi
true,1,dgleader9,dgleader9@imageshack.us,373-338-5819,Craggie,Desmund,Gleader
false,1,jloftusa,jloftusa@tripod.com,867-946-8011,Brent,Jodie,Loftus
false,1,dpileticb,dpileticb@bravesites.com,650-909-5436,Dieter,De witt,Piletic
false,1,wcovec,wcovec@fc2.com,356-315-5586,Vern,Wade,Cove
true,1,fwitheridged,fwitheridged@joomla.org,417-403-4480,Bogey,Fransisco,Witheridge
false,1,mshelmerdinee,mshelmerdinee@google.pl,268-824-8106,Garvin,Marcello,Shelmerdine
false,1,dpinningtonf,dpinningtonf@wikipedia.org,574-375-0266,Buddie,Derrik,Pinnington
true,1,gruseling,gruseling@netscape.com,250-988-2959,Hugo,Gerhardt,Ruselin
false,1,cmastersonh,cmastersonh@harvard.edu,305-612-3863,Kale,Christophorus,Masterson
true,1,mgiloglyi,mgiloglyi@booking.com,657-963-6938,Gun,Marlo,Gilogly
true,1,cshiellj,cshiellj@g.co,355-323-0238,Webster,Conrado,Shiell
false,1,sblincoek,sblincoek@arstechnica.com,317-695-6138,Godfry,Sidnee,Blincoe
true,1,hblaisdelll,hblaisdelll@msn.com,198-682-6692,Valdemar,Hillery,Blaisdell
true,1,apiscottim,apiscottim@gizmodo.com,165-929-1649,Fair,Arron,Piscotti
false,1,ishipcottn,ishipcottn@wikimedia.org,861-336-2420,Gearard,Irwinn,Shipcott
true,1,mkupkero,mkupkero@dagondesign.com,663-518-4379,Warner,Maurizio,Kupker
false,1,ascholigp,ascholigp@cloudflare.com,522-816-6850,Ernest,Araldo,Scholig
false,1,cminihaneq,cminihaneq@geocities.jp,892-185-6130,Care,Codi,Minihane
false,1,emaciociar,emaciociar@blogs.com,468-895-4148,Jareb,Ezri,Maciocia
true,1,bfarranss,bfarranss@gravatar.com,253-206-1308,Julius,Budd,Farrans
false,1,bhenrict,bhenrict@quantcast.com,799-840-3475,Florian,Barde,Henric
false,1,cbelchamu,cbelchamu@wix.com,206-405-0370,Brenden,Chan,Belcham
false,1,bhansmanv,bhansmanv@feedburner.com,654-184-9232,Guthrey,Benji,Hansman
false,1,tpavettw,tpavettw@w3.org,875-612-9321,Noel,Thornton,Pavett
false,1,gshilitox,gshilitox@ucoz.ru,640-659-0185,Dion,Garik,Shilito
true,1,gbrothersy,gbrothersy@eepurl.com,242-845-4237,Chrissie,Gustavus,Brothers
true,1,challwoodz,challwoodz@cpanel.net,328-137-1119,Mateo,Chickie,Hallwood
true,1,bkirton10,bkirton10@amazon.com,666-915-0033,Panchito,Barty,Kirton
true,1,rpinch11,rpinch11@ibm.com,326-491-8360,Bogart,Rouvin,Pinch
false,1,abugs12,abugs12@topsy.com,297-889-1832,Aylmer,Arthur,Bugs
true,1,egovern13,egovern13@1688.com,303-880-5724,Benedikt,Ellsworth,Govern
false,1,cmulcock14,cmulcock14@amazon.co.uk,566-552-2166,Sherlocke,Carce,Mulcock
false,1,ftaylorson15,ftaylorson15@uiuc.edu,386-873-1274,Kelley,Farly,Taylorson
false,1,dvasentsov16,dvasentsov16@dropbox.com,495-967-3079,Mendie,Decca,Vasentsov
true,1,arobker17,arobker17@trellian.com,548-694-4381,Thayne,Anatollo,Robker
true,1,tblackburn18,tblackburn18@macromedia.com,405-167-9411,Zacharias,Tate,Blackburn
true,1,ffeatherstonhaugh19,ffeatherstonhaugh19@google.it,680-383-3997,Mathe,Feliks,Featherstonhaugh
false,1,hpillans1a,hpillans1a@imdb.com,175-247-7487,Edik,Harold,Pillans
false,1,fwingatt1b,fwingatt1b@economist.com,725-347-1994,Garry,Ferdie,Wingatt
true,1,gmaevela1c,gmaevela1c@cargocollective.com,993-876-2448,Abran,Guthrie,Maevela
true,1,gvasenkov1d,gvasenkov1d@4shared.com,398-274-1917,Salvador,Gunar,Vasenkov
true,1,griseley1e,griseley1e@reference.com,263-313-0407,Brendin,Grant,Riseley
true,1,imines1f,imines1f@nbcnews.com,375-141-7227,Richard,Iain,Mines
false,1,orohlf1g,orohlf1g@yahoo.com,548-255-8189,Arnaldo,Orv,Rohlf
false,1,pkristufek1h,pkristufek1h@netlog.com,467-794-6646,Creight,Patsy,Kristufek
false,1,dgarroway1i,dgarroway1i@amazon.com,700-337-9581,Felice,Dougy,Garroway
false,1,erhys1j,erhys1j@mayoclinic.com,923-404-0352,Jules,Ellery,Rhys
false,1,hclifft1k,hclifft1k@altervista.org,453-126-3427,Arvie,Hurlee,Clifft
true,1,ckernocke1l,ckernocke1l@nhs.uk,973-778-2718,Svend,Cary,Kernocke
false,1,pmacgall1m,pmacgall1m@bbc.co.uk,884-423-9509,Nappy,Pepe,MacGall
true,1,shuetson1n,shuetson1n@istockphoto.com,298-158-9875,Stephanus,Seymour,Huetson
false,1,cyaknov1o,cyaknov1o@unc.edu,938-985-0888,Marchall,Clerkclaude,Yaknov
true,1,nbeglin1p,nbeglin1p@unblog.fr,806-482-9369,Dickie,Nikita,Beglin
false,1,aleghorn1q,aleghorn1q@taobao.com,596-644-0425,Alfy,Arther,Leghorn
true,1,cgobeau1r,cgobeau1r@wunderground.com,945-652-4933,Gail,Cobb,Gobeau
false,1,cladon1s,cladon1s@slideshare.net,435-358-8955,Peter,Collin,Ladon
true,1,gcolvin1t,gcolvin1t@livejournal.com,638-277-1416,Connie,Garwood,Colvin
true,1,swilber1u,swilber1u@usgs.gov,787-486-9433,Georges,Skip,Wilber
true,1,cgrube1v,cgrube1v@aol.com,690-617-6184,Burch,Chadwick,Grube
false,1,aduckham1w,aduckham1w@google.fr,428-630-4049,Hamel,Avrom,Duckham
true,1,grussell1x,grussell1x@gravatar.com,743-840-2448,Gasper,Garrard,Russell
false,1,rgermann1y,rgermann1y@vimeo.com,211-807-9206,Leland,Raoul,Germann
false,1,weyckelbeck1z,weyckelbeck1z@deviantart.com,374-109-1403,Arny,Wyn,Eyckelbeck
true,1,rmcdirmid20,rmcdirmid20@123-reg.co.uk,599-295-4970,Michel,Reginald,McDirmid
false,1,kousley21,kousley21@oaic.gov.au,110-519-3102,Kippie,Kerk,Ousley
true,1,lfink22,lfink22@elpais.com,797-650-7420,Ricki,Levon,Fink
true,1,rcomini23,rcomini23@bigcartel.com,958-492-0891,Vaughn,Rab,Comini
true,1,hantonognoli24,hantonognoli24@angelfire.com,302-158-7699,Read,Hamel,Antonognoli
true,1,goak25,goak25@parallels.com,128-472-8059,Rubin,Garald,Oak
false,1,tvasiljevic26,tvasiljevic26@usgs.gov,258-512-7487,Turner,Teddie,Vasiljevic
false,1,csecretan27,csecretan27@feedburner.com,698-137-6057,Gaspar,Cece,Secretan
false,1,oixer28,oixer28@livejournal.com,944-366-4425,Darryl,Obadias,Ixer
false,1,dbenjamin29,dbenjamin29@infoseek.co.jp,882-169-5446,Gardiner,Danya,Benjamin
false,1,ddoubrava2a,ddoubrava2a@symantec.com,989-869-1906,Glynn,Danie,Doubrava
false,1,rbleiman2b,rbleiman2b@mozilla.org,619-647-0005,Rowan,Raddie,Bleiman
true,1,sgrainge2c,sgrainge2c@comcast.net,684-990-4416,Fabien,Stuart,Grainge
false,1,ekilgannon2d,ekilgannon2d@cdbaby.com,905-840-6132,Cyrus,Elliott,Kilgannon
true,1,datyeo2e,datyeo2e@apache.org,213-792-3213,Elwyn,Darnall,Atyeo
false,1,dyezafovich2f,dyezafovich2f@ebay.co.uk,991-374-5181,Klement,Donavon,Yezafovich
false,1,wodby2g,wodby2g@noaa.gov,794-940-6444,Ellswerth,Westley,Odby
false,1,fdeelay2h,fdeelay2h@1688.com,902-776-0678,Davie,Felice,Deelay
false,1,dgigg2i,dgigg2i@hatena.ne.jp,426-687-1451,Arman,Denis,Gigg
false,1,sdavidofski2j,sdavidofski2j@yahoo.com,814-596-5859,Ben,Sven,Davidofski
true,1,cdivill2k,cdivill2k@sohu.com,887-629-6411,Chase,Cobby,Divill
true,1,biredell2l,biredell2l@ezinearticles.com,784-780-8138,Gradey,Berkly,Iredell
false,1,nbottelstone2m,nbottelstone2m@cdc.gov,422-531-2197,Drud,Nappy,Bottelstone
true,1,stadd2n,stadd2n@slideshare.net,623-178-2485,Kelsey,Sheffy,Tadd
false,1,bprobert2o,bprobert2o@youtu.be,934-413-6142,Prinz,Briano,Probert
true,1,ssibbe2p,ssibbe2p@boston.com,769-330-4887,Ezekiel,Sylas,Sibbe
true,1,wderdes2q,wderdes2q@cdc.gov,859-858-5134,Maxim,Washington,Derdes
