false,1,vcreberb3,vcreberb3@phpbb.com,661-105-7850,Noak,Vale,Creber
false,1,cclitheroeb4,cclitheroeb4@issuu.com,501-422-8391,Florian,Currey,Clitheroe
true,1,olezemoreb5,olezemoreb5@reverbnation.com,763-282-1989,Lombard,Olivero,Lezemore
false,1,eridpathb6,eridpathb6@mozilla.org,418-316-8406,Waldo,Eddie,Ridpath
false,1,kattewillb7,kattewillb7@wsj.com,838-674-9663,Roderigo,Kipper,Attewill
true,1,lohalloranb8,lohalloranb8@sbwire.com,161-230-6518,Eugene,Loren,O'Halloran
true,1,tabrahamsonb9,tabrahamsonb9@cpanel.net,150-921-1475,Cob,Temple,Abrahamson
false,1,atremellanba,atremellanba@latimes.com,583-361-3996,Bev,Ade,Tremellan
true,1,brohlfsbb,brohlfsbb@businessweek.com,122-540-3408,Codi,Bruis,Rohlfs
false,1,eleasbc,eleasbc@amazonaws.com,446-736-7156,Montague,Erin,Leas
true,1,maudrybd,maudrybd@bbc.co.uk,407-349-3314,Flem,Mano,Audry
false,1,oerrichibe,oerrichibe@tripod.com,509-233-2657,Gayler,Onfre,Errichi
false,1,jmcavincheybf,jmcavincheybf@deliciousdays.com,112-603-9030,Jere,Jourdain,McAvinchey
false,1,qbesquebg,qbesquebg@fotki.com,442-170-1209,Leicester,Quill,Besque
true,1,mirdalebh,mirdalebh@businesswire.com,980-766-2061,Merrick,Mahmoud,Irdale
true,1,cfernelybi,cfernelybi@phpbb.com,888-791-3687,Hamish,Claybourne,Fernely
true,1,wvaiseybj,wvaiseybj@desdev.cn,397-196-4315,Kienan,Waylon,Vaisey
true,1,stroupbk,stroupbk@weibo.com,778-547-0343,Leo,Stewart,Troup
false,1,jlebondbl,jlebondbl@twitpic.com,499-397-1758,Sigismondo,Joseph,Lebond
false,1,chicksbm,chicksbm@so-net.ne.jp,173-445-4217,Wayne,Cal,Hicks
false,1,eillwellbn,eillwellbn@umn.edu,900-641-8517,Hirsch,Englebert,Illwell
false,1,mpappsbo,mpappsbo@rediff.com,316-628-7009,Nicolas,Mathian,Papps
true,1,wwharinbp,wwharinbp@businessinsider.com,471-186-8842,Freemon,Whittaker,Wharin
false,1,ohakenbq,ohakenbq@ocn.ne.jp,201-905-0063,Hailey,Ossie,Haken
false,1,rmacdiarmondbr,rmacdiarmondbr@issuu.com,557-528-2894,Kaleb,Rustie,MacDiarmond
true,1,esugdenbs,esugdenbs@yandex.ru,929-397-9457,Barn,Ethelred,Sugden
true,1,ihughbt,ihughbt@ezinearticles.com,420-601-1960,Kermit,Ike,Hugh
true,1,dbreydinbu,dbreydinbu@opera.com,690-654-1684,Gardiner,Desmund,Breydin
true,1,hwarcupbv,hwarcupbv@plala.or.jp,995-623-8695,Abdel,Harold,Warcup
true,1,florencebw,florencebw@bravesites.com,650-639-5326,Terence,Freedman,Lorence
true,1,wsomnerbx,wsomnerbx@webnode.com,953-972-1334,Lambert,Whitney,Somner
false,1,lgravattby,lgravattby@npr.org,794-619-3511,Wolfie,Lindsey,Gravatt
false,1,bcatleybz,bcatleybz@slideshare.net,966-770-0538,Barn,Bear,Catley
false,1,igobeauc0,igobeauc0@house.gov,103-418-2609,Emmerich,Inigo,Gobeau
true,1,ghaytonc1,ghaytonc1@issuu.com,988-437-8262,Tremayne,Grace,Hayton
true,1,urutleyc2,urutleyc2@cocolog-nifty.com,604-603-8927,Robinson,Urbain,Rutley
true,1,skarpmannc3,skarpmannc3@cnbc.com,846-745-7192,Emory,Salomo,Karpmann
true,1,jmelsonc4,jmelsonc4@google.ca,699-283-4516,Delainey,Jock,Melson
false,1,aweightmanc5,aweightmanc5@sohu.com,327-977-6663,Wilfred,Alphonse,Weightman
true,1,cmunganec6,cmunganec6@fastcompany.com,337-668-5779,Chico,Clarke,Mungane
false,1,edebnamc7,edebnamc7@ox.ac.uk,112-418-4337,Francois,Elsworth,Debnam
false,1,kwolfitc8,kwolfitc8@youku.com,997-356-6904,Erl,Kale,Wolfit
false,1,cchampionc9,cchampionc9@gizmodo.com,908-634-0661,Findlay,Carly,Champion
false,1,aoakenfullca,aoakenfullca@toplist.cz,331-434-7480,Orland,Allie,Oakenfull
false,1,rfroggattcb,rfroggattcb@yahoo.co.jp,116-785-3260,Brien,Riordan,Froggatt
false,1,jhurlestonecc,jhurlestonecc@kickstarter.com,154-703-0451,Alejoa,Jessey,Hurlestone
true,1,gtoplingcd,gtoplingcd@miibeian.gov.cn,282-936-4116,Gothart,Gannie,Topling
false,1,glargentce,glargentce@flavors.me,587-215-0196,Ellery,Gib,Largent
true,1,bkensoncf,bkensoncf@discuz.net,113-562-1453,Hagen,Benedict,Kenson
false,1,cdurnincg,cdurnincg@ycombinator.com,463-869-4142,Giustino,Chrisy,Durnin
false,1,pmerseych,pmerseych@sogou.com,101-209-0454,Marietta,Parnell,Mersey
true,1,imacelhargeci,imacelhargeci@ca.gov,554-883-5256,Rutter,Inigo,MacElharge
false,1,arandscj,arandscj@github.com,671-875-3164,Cleon,Averell,Rands
false,1,bferneyhoughck,bferneyhoughck@tumblr.com,465-190-5933,Nicholas,Brendis,Ferneyhough
false,1,tsextycl,tsextycl@networksolutions.com,531-815-3683,Rudolfo,Theodor,Sexty
true,1,rrangellcm,rrangellcm@sourceforge.net,895-335-2297,Salvatore,Rance,Rangell
true,1,cbartlemancn,cbartlemancn@admin.ch,850-265-8127,Curran,Christy,Bartleman
true,1,cslowgroveco,cslowgroveco@unesco.org,701-842-4309,Aloin,Christoffer,Slowgrove
false,1,cstevensoncp,cstevensoncp@bbc.co.uk,249-586-7555,Niki,Cortie,Stevenson
false,1,bwillwoodcq,bwillwoodcq@linkedin.com,367-768-3374,Thibaut,Barrett,Willwood
true,1,hbarizeretcr,hbarizeretcr@sina.com.cn,215-142-6984,Ashton,Hogan,Barizeret
false,1,kjiroudekcs,kjiroudekcs@nsw.gov.au,456-811-1072,Moore,Kareem,Jiroudek
false,1,ihillhousect,ihillhousect@4shared.com,946-665-2326,Jayson,Inigo,Hillhouse
true,1,dbellercu,dbellercu@reddit.com,313-552-2719,Yorgos,Dorey,Beller
false,1,egwinnelcv,egwinnelcv@mail.ru,101-657-6063,Shaun,Edmon,Gwinnel
false,1,wtodeocw,wtodeocw@parallels.com,291-614-3673,Edgardo,Wayne,Todeo
true,1,gkyffincx,gkyffincx@pagesperso-orange.fr,995-481-1844,Amby,Gerek,Kyffin
true,1,smityashincy,smityashincy@ustream.tv,973-505-4037,Ezra,Silvano,Mityashin
false,1,kestcotcz,kestcotcz@vimeo.com,916-639-3252,Tab,Kristofor,Estcot
true,1,mporkissd0,mporkissd0@hibu.com,579-179-5660,Renato,Murdoch,Porkiss
true,1,ggibbonsond1,ggibbonsond1@lycos.com,245-549-3525,Sigfried,Gal,Gibbonson
false,1,hocrevand2,hocrevand2@theguardian.com,298-851-0073,Luciano,Harlen,O'Crevan
true,1,lleasd3,lleasd3@devhub.com,988-497-1689,Desmond,Langston,Leas
true,1,csiggeed4,csiggeed4@dot.gov,532-331-0939,Shermie,Clywd,Siggee
false,1,edeniald5,edeniald5@chron.com,949-279-7307,Devy,Earl,Denial
true,1,sblacksterd6,sblacksterd6@blog.com,731-218-2628,Marty,Shaun,Blackster
true,1,aslocombed7,aslocombed7@mail.ru,592-210-5040,Omar,Ahmad,Slocombe
true,1,fswettenhamd8,fswettenhamd8@ow.ly,591-740-4475,Fran,Frederigo,Swettenham
false,1,swyldbored9,swyldbored9@canalblog.com,720-706-8481,Conrade,Silas,Wyldbore
true,1,awaleranda,awaleranda@github.io,203-479-4606,Lowrance,Arlan,Waleran
true,1,dprovestdb,dprovestdb@g.co,139-287-9816,Lisle,Dionysus,Provest
false,1,jhanveydc,jhanveydc@apache.org,579-990-0050,Locke,Jamesy,Hanvey
true,1,efiddlerdd,efiddlerdd@odnoklassniki.ru,291-344-5410,Cameron,Earvin,Fiddler
true,1,tgadneyde,tgadneyde@1und1.de,887-310-9499,Lombard,Trevor,Gadney
true,1,tbeneydf,tbeneydf@macromedia.com,763-964-7814,Cristiano,Tibold,Beney
false,1,hgandleydg,hgandleydg@dmoz.org,393-573-7625,Shepherd,Hanan,Gandley
false,1,meastburydh,meastburydh@baidu.com,985-790-6097,Walther,Moss,Eastbury
true,1,gfeldererdi,gfeldererdi@tinypic.com,983-812-4355,Fowler,Gayle,Felderer
false,1,cbirtledj,cbirtledj@indiegogo.com,903-805-0357,Arley,Cornall,Birtle
true,1,gkempstonedk,gkempstonedk@acquirethisname.com,703-342-2586,Desmund,Graham,Kempstone
true,1,bgolstondl,bgolstondl@cpanel.net,271-452-6372,Scotty,Blake,Golston
true,1,gdanatdm,gdanatdm@netscape.com,309-312-7073,Boonie,Gaby,Danat
true,1,identondn,identondn@so-net.ne.jp,666-520-5946,Callean,Isidoro,Denton
false,1,gmityushkindo,gmityushkindo@state.gov,305-167-2965,Jamal,Giacobo,Mityushkin
false,1,gbainbriggedp,gbainbriggedp@oracle.com,298-825-2810,Ansel,Gage,Bainbrigge
false,1,hgriffeydq,hgriffeydq@soundcloud.com,634-930-3098,Barnabas,Holly,Griffey
false,1,mcopperwaitedr,mcopperwaitedr@mozilla.org,516-919-3715,Noak,Malvin,Copperwaite
false,1,sheffernonds,sheffernonds@pinterest.com,211-140-5522,Goran,Sheff,Heffernon
true,1,anassidt,anassidt@bluehost.com,410-927-7218,Tabb,Alanson,Nassi
false,1,bterbruggedu,bterbruggedu@webeden.co.uk,353-608-5586,Rustie,Briant,Terbrugge
