false,1,mdedomenicogn,mdedomenicogn@statcounter.com,903-925-9899,Patricio,Mateo,De Domenico
false,1,mferbygo,mferbygo@myspace.com,409-312-9636,Karim,Meade,Ferby
false,1,gfruddgp,gfruddgp@ed.gov,786-628-7032,Far,Glenden,Frudd
true,1,ewiggamgq,ewiggamgq@netlog.com,440-234-9914,Cary,Enrico,Wiggam
false,1,kattygr,kattygr@ning.com,509-898-5314,Nickolas,Kahlil,Atty
false,1,rbastardgs,rbastardgs@mapy.cz,442-870-7519,Minor,Ring,Bastard
true,1,ajurisgt,ajurisgt@blog.com,280-863-8339,Aharon,Aldin,Juris
false,1,lamnergu,lamnergu@github.com,420-604-6280,Carce,Lazare,Amner
true,1,lgilhouleygv,lgilhouleygv@chronoengine.com,916-689-1963,Brod,Lockwood,Gilhouley
true,1,vbalstonegw,vbalstonegw@epa.gov,540-281-0139,Millard,Vern,Balstone
true,1,peyckelbeckgx,peyckelbeckgx@eventbrite.com,545-813-8559,Calhoun,Pascale,Eyckelbeck
false,1,rkrabbegy,rkrabbegy@list-manage.com,639-721-4263,Lydon,Ripley,Krabbe
true,1,lpophamgz,lpophamgz@hud.gov,551-890-6861,Levy,Lothaire,Popham
false,1,sattreyh0,sattreyh0@123-reg.co.uk,336-232-6703,Trey,Stearn,Attrey
true,1,cnaulh1,cnaulh1@diigo.com,727-253-0531,Sasha,Camey,Naul
false,1,cnormanvellh2,cnormanvellh2@unicef.org,630-780-9707,Linn,Chase,Normanvell
false,1,hotsonh3,hotsonh3@ftc.gov,496-990-5835,Oran,Herculie,Otson
true,1,twisniowskih4,twisniowskih4@skype.com,115-256-7787,Benjamen,Thorny,Wisniowski
true,1,llafoyh5,llafoyh5@cnet.com,964-449-5051,Matthus,Luke,Lafoy
true,1,cbradickh6,cbradickh6@shinystat.com,329-135-1075,Boone,Casar,Bradick
true,1,cgowryh7,cgowryh7@earthlink.net,810-554-0948,Aldridge,Cassius,Gowry
true,1,dlukinsh8,dlukinsh8@google.com.au,314-401-6229,Felix,Delmore,Lukins
true,1,edaenh9,edaenh9@list-manage.com,944-793-2432,Rodolph,Elnar,Daen
false,1,areahha,areahha@princeton.edu,330-301-8775,Lev,Ali,Reah
true,1,ksynderhb,ksynderhb@biblegateway.com,592-544-4338,Horace,Kerby,Synder
true,1,jreahhc,jreahhc@livejournal.com,978-719-4407,Decca,Jamie,Reah
true,1,dgravethd,dgravethd@blinklist.com,733-849-4571,Renaldo,Dane,Gravet
false,1,chowleyhe,chowleyhe@unc.edu,763-704-2640,Lazarus,Cyrill,Howley
true,1,iyearnhf,iyearnhf@wordpress.com,509-117-8049,Stearne,Izzy,Yearn
true,1,schadwinhg,schadwinhg@linkedin.com,954-809-5278,Uriah,Stuart,Chadwin
false,1,mwillowshh,mwillowshh@bloglovin.com,518-146-3323,Romain,Moritz,Willows
true,1,glamploughhi,glamploughhi@gravatar.com,303-642-9341,Berton,Gibby,Lamplough
true,1,anundhj,anundhj@artisteer.com,173-578-5039,Shayne,Augy,Nund
false,1,hkarbyhk,hkarbyhk@guardian.co.uk,412-516-0021,Rene,Hyman,Karby
false,1,mtopeshl,mtopeshl@nbcnews.com,796-399-9031,Ronny,Michail,Topes
true,1,vgamethm,vgamethm@blogspot.com,755-358-2830,Basilio,Vin,Gamet
true,1,rgoosnellhn,rgoosnellhn@google.co.uk,762-690-9831,Renault,Ravid,Goosnell
false,1,ckeelerho,ckeelerho@nhs.uk,813-304-9838,Rockey,Chase,Keeler
false,1,livanenkovhp,livanenkovhp@zimbio.com,689-311-2440,Gayelord,Leonidas,Ivanenkov
true,1,rstqueninhq,rstqueninhq@ca.gov,604-108-1136,Cassie,Reynard,St Quenin
false,1,jnosworthyhr,jnosworthyhr@springer.com,628-547-7801,Kinnie,Jerome,Nosworthy
true,1,rcrepinhs,rcrepinhs@weebly.com,837-852-4726,Demetri,Ray,Crepin
true,1,ecausonht,ecausonht@newyorker.com,250-497-7189,Falkner,Edmund,Causon
true,1,wmanselhu,wmanselhu@bigcartel.com,957-376-0830,Prentiss,Warren,Mansel
true,1,blouchhv,blouchhv@cisco.com,261-680-8233,Quintin,Banky,Louch
false,1,gwoolandhw,gwoolandhw@newyorker.com,274-706-0188,Angus,Garreth,Wooland
true,1,cdounbarehx,cdounbarehx@cmu.edu,590-931-1724,Fons,Claudian,Dounbare
true,1,uchasenhy,uchasenhy@cornell.edu,941-785-9365,Willie,Ulric,Chasen
false,1,nduranhz,nduranhz@timesonline.co.uk,396-356-2450,Wat,Nataniel,Duran
true,1,ltuxselli0,ltuxselli0@cnn.com,502-581-8874,Galven,Linn,Tuxsell
true,1,rfigurskii1,rfigurskii1@jalbum.net,887-918-7767,Fremont,Romain,Figurski
false,1,amcsperroni2,amcsperroni2@guardian.co.uk,456-503-6083,Sidney,Artur,McSperron
false,1,smanbyi3,smanbyi3@newyorker.com,126-327-2183,Angie,Sigfried,Manby
true,1,sduckeringi4,sduckeringi4@thetimes.co.uk,320-520-9022,Erv,Sal,Duckering
false,1,wscreasei5,wscreasei5@opera.com,665-686-9369,Augustin,Wally,Screase
false,1,bdomonei6,bdomonei6@123-reg.co.uk,160-272-2612,Eli,Bernardo,Domone
false,1,mredmondi7,mredmondi7@linkedin.com,170-610-9535,Saw,Mickie,Redmond
false,1,eerati8,eerati8@va.gov,382-246-4952,Bryan,Ezechiel,Erat
false,1,wwardei9,wwardei9@surveymonkey.com,807-827-2830,Kendall,Winthrop,Warde
false,1,rtumbeltyia,rtumbeltyia@yellowbook.com,707-513-0663,Rockie,Rodolfo,Tumbelty
true,1,ibrotherheadib,ibrotherheadib@ebay.co.uk,762-752-1626,Everard,Ignace,Brotherhead
false,1,jdahlbergic,jdahlbergic@dmoz.org,340-824-5090,Donal,Juan,Dahlberg
false,1,jsmallpeaceid,jsmallpeaceid@webeden.co.uk,115-832-5591,Otes,Jude,Smallpeace
true,1,epizerie,epizerie@mayoclinic.com,140-873-7798,Ashby,Emmet,Pizer
true,1,ibossif,ibossif@soundcloud.com,587-432-1434,Beniamino,Ingar,Boss
true,1,csuerzig,csuerzig@mlb.com,310-647-7994,Lorant,Chevy,Suerz
false,1,cbrydieih,cbrydieih@people.com.cn,734-335-0716,Curcio,Cob,Brydie
false,1,lhenmarshii,lhenmarshii@java.com,415-304-0910,Miltie,Lorant,Henmarsh
true,1,tdampneyij,tdampneyij@angelfire.com,448-505-8507,Dukie,Tremain,Dampney
true,1,jsaketik,jsaketik@usgs.gov,166-496-4380,Langston,Justen,Saket
false,1,nstellinil,nstellinil@twitter.com,125-267-5725,Llewellyn,Noby,Stellin
true,1,vlucockim,vlucockim@wordpress.org,458-124-9973,Clarke,Valle,Lucock
true,1,mivettin,mivettin@webeden.co.uk,476-725-4673,Pincus,Marco,Ivett
true,1,rrikelio,rrikelio@reuters.com,571-130-6070,Vincent,Raynor,Rikel
false,1,dfrewip,dfrewip@cargocollective.com,652-400-6038,Willis,Demetri,Frew
false,1,amawdiq,amawdiq@intel.com,952-906-8477,Inness,Abrahan,Mawd
false,1,kjeaffersonir,kjeaffersonir@fema.gov,349-135-1441,Waite,Kalle,Jeafferson
true,1,mmatiebeis,mmatiebeis@123-reg.co.uk,907-596-1207,Marlo,Maison,Matiebe
true,1,wbrammerit,wbrammerit@t-online.de,784-821-5676,Giacobo,Welby,Brammer
true,1,fcoardiu,fcoardiu@canalblog.com,310-840-4732,Clare,Far,Coard
false,1,iolomaniv,iolomaniv@home.pl,848-905-4254,Rustie,Isador,Oloman
false,1,stullochiw,stullochiw@si.edu,444-285-9304,Joaquin,Skipp,Tulloch
false,1,mabrahamovitzix,mabrahamovitzix@163.com,229-147-5907,Roman,Malchy,Abrahamovitz
false,1,msesoniy,msesoniy@cnbc.com,100-243-5072,Andre,Matt,Seson
false,1,hmcgenniz,hmcgenniz@guardian.co.uk,529-947-4835,Casey,Hebert,McGenn
false,1,cbaxendalej0,cbaxendalej0@lycos.com,174-951-3720,Dickie,Cristobal,Baxendale
true,1,crodderj1,crodderj1@chron.com,604-425-1513,Gordan,Corbin,Rodder
true,1,rpetrej2,rpetrej2@usgs.gov,352-474-8228,Rockwell,Randolf,Petre
false,1,rflintoffej3,rflintoffej3@ihg.com,579-339-1229,Mart,Reagan,Flintoffe
true,1,twenhamj4,twenhamj4@addthis.com,919-303-0374,Cesar,Tiebold,Wenham
false,1,mizkoveskij5,mizkoveskij5@ning.com,197-718-6686,Gregorio,Michele,Izkoveski
false,1,gmacnessj6,gmacnessj6@pcworld.com,147-269-5420,Barbabas,Gardener,MacNess
true,1,mtidswellj7,mtidswellj7@telegraph.co.uk,340-796-6398,Tyrus,Mateo,Tidswell
true,1,rpridgeonj8,rpridgeonj8@geocities.jp,265-994-8375,Kennett,Ransom,Pridgeon
false,1,awycherleyj9,awycherleyj9@prlog.org,980-128-8267,Abraham,Ambrose,Wycherley
false,1,jcrinkleyja,jcrinkleyja@digg.com,274-361-2271,Valle,Jere,Crinkley
false,1,cogelbejb,cogelbejb@freewebs.com,202-844-1419,Kingston,Chilton,Ogelbe
false,1,mstirlingjc,mstirlingjc@live.com,561-920-1340,Powell,Michael,Stirling
true,1,rgotthardjd,rgotthardjd@privacy.gov.au,987-267-5653,Samson,Rabi,Gotthard
false,1,rgoodredgeje,rgoodredgeje@bloglines.com,580-866-3952,Salvidor,Reinhard,Goodredge
