false,1,cdebischopm7,cdebischopm7@jimdo.com,599-787-2234,Reidar,Carlie,De Bischop
true,1,dbeedenm8,dbeedenm8@fastcompany.com,132-381-1942,Chico,Delbert,Beeden
true,1,jnobbsm9,jnobbsm9@sfgate.com,663-400-5769,Walker,Jeremie,Nobbs
false,1,lgreaterexma,lgreaterexma@sakura.ne.jp,418-903-3781,Bone,Lewie,Greaterex
false,1,eshimonymb,eshimonymb@bloomberg.com,368-281-5218,Filberto,Ermin,Shimony
false,1,blendonmc,blendonmc@soundcloud.com,948-916-7427,Horton,Beltran,Lendon
false,1,wmckewmd,wmckewmd@jalbum.net,504-530-1235,Corby,Waverley,McKew
true,1,cseccombeme,cseccombeme@guardian.co.uk,364-925-9251,Art,Cyrill,Seccombe
true,1,balabonemf,balabonemf@toplist.cz,345-772-3760,Aldis,Brendis,Alabone
true,1,itannmg,itannmg@pagesperso-orange.fr,333-600-9513,Alden,Itch,Tann
true,1,mpiscopomh,mpiscopomh@discovery.com,555-152-1219,Graehme,Mitchael,Piscopo
false,1,jfrapwellmi,jfrapwellmi@army.mil,458-581-9911,Benson,Jeth,Frapwell
false,1,yjacquemetmj,yjacquemetmj@soup.io,967-836-2100,Olav,Yorgo,Jacquemet
false,1,tkoubekmk,tkoubekmk@uol.com.br,124-445-0362,Frasco,Todd,Koubek
true,1,mprobbingml,mprobbingml@photobucket.com,423-694-5452,Cornie,Montgomery,Probbing
false,1,bgrelkamm,bgrelkamm@whitehouse.gov,932-206-1530,Ruttger,Borg,Grelka
true,1,holesenmn,holesenmn@cocolog-nifty.com,308-540-1210,Farr,Hobie,Olesen
false,1,rgrewermo,rgrewermo@sakura.ne.jp,895-193-3449,Jarrid,Raddy,Grewer
true,1,btarrymp,btarrymp@amazon.co.uk,584-815-2340,Wallas,Bentley,Tarry
true,1,kadlemmq,kadlemmq@google.fr,443-464-8153,Ave,Kahaleel,Adlem
true,1,bripleymr,bripleymr@soup.io,725-939-1488,Darius,Brandtr,Ripley
false,1,jtidcombms,jtidcombms@arizona.edu,862-326-8386,Barret,Johnathon,Tidcomb
true,1,lcrickmoremt,lcrickmoremt@uiuc.edu,799-136-0920,Raddie,Lucas,Crickmore
true,1,ubushillmu,ubushillmu@sourceforge.net,945-628-8414,Abdul,Ulises,Bushill
false,1,bblowesmv,bblowesmv@marriott.com,737-728-0324,Leonidas,Bobby,Blowes
true,1,mbricklebankmw,mbricklebankmw@facebook.com,310-986-9030,Esteban,Mackenzie,Bricklebank
false,1,scondonmx,scondonmx@theguardian.com,696-595-4930,Timmie,Sid,Condon
true,1,dbraznellmy,dbraznellmy@e-recht24.de,281-342-5158,Job,Delainey,Braznell
true,1,blimonmz,blimonmz@irs.gov,418-469-8155,Rriocard,Benton,Limon
true,1,amaydwayn0,amaydwayn0@aboutads.info,839-369-1961,Hayden,Alric,Maydway
true,1,hbountiffn1,hbountiffn1@patch.com,743-735-8443,Wash,Hansiain,Bountiff
false,1,isteinn2,isteinn2@google.com.hk,764-826-8193,Baxy,Izzy,Stein
false,1,ymartyntsevn3,ymartyntsevn3@facebook.com,561-167-1078,Koenraad,Yale,Martyntsev
true,1,ilimpennyn4,ilimpennyn4@example.com,382-486-5514,Ware,Iorgo,Limpenny
true,1,rburnhamn5,rburnhamn5@pbs.org,266-613-5632,Omar,Raymond,Burnham
true,1,dcoppensn6,dcoppensn6@about.com,625-613-0027,Peirce,Drake,Coppens
false,1,ssivilln7,ssivilln7@usa.gov,649-842-3522,Jakob,Salvidor,Sivill
false,1,jjannyn8,jjannyn8@apple.com,853-104-3309,Herve,Jeffie,Janny
true,1,miannin9,miannin9@rambler.ru,521-745-6384,Leeland,Murdoch,Ianni
true,1,mreedshawna,mreedshawna@craigslist.org,692-435-9573,Lyell,Murdoch,Reedshaw
true,1,jselwynenb,jselwynenb@oakley.com,951-857-0071,Yehudit,Jasper,Selwyne
true,1,jchetwyndnc,jchetwyndnc@nba.com,835-612-2861,Ange,Jarad,Chetwynd
true,1,pvaneschind,pvaneschind@mtv.com,619-251-4003,Beaufort,Patten,Vaneschi
true,1,aphetheanne,aphetheanne@woothemes.com,949-316-6555,Iosep,Allin,Phethean
true,1,esciacovellinf,esciacovellinf@issuu.com,289-155-1439,Aylmar,Edwin,Sciacovelli
false,1,rbrownsillng,rbrownsillng@csmonitor.com,362-198-5817,Artemus,Rudolf,Brownsill
false,1,hcasesnh,hcasesnh@google.pl,751-506-3088,Brose,Haslett,Cases
true,1,bfairlemni,bfairlemni@flickr.com,286-100-3323,Hanan,Burnard,Fairlem
true,1,kjovicicnj,kjovicicnj@dell.com,110-532-9204,Maximo,Kayne,Jovicic
true,1,lgiraudynk,lgiraudynk@eepurl.com,753-447-9416,Bert,Lewie,Giraudy
